Const,Your Rating,Date Rated,Title,URL,Title Type,IMDb Rating,Runtime (mins),Year,Genres,Num Votes,Release Date,Directors
tt1010048,8,2016-10-18,Slumdog Millionaire,https://www.imdb.com/title/tt1010048/,movie,8.0,120,2008,"Drama, Romance",733122,2008-08-30,"Loveleen Tandan, Danny Boyle"
tt0101049,8,2016-10-18,A Bit of Fry and Laurie,https://www.imdb.com/title/tt0101049/,tvSeries,8.3,30,1987,Comedy,8260,1987-12-26,
tt1022603,8,2016-12-17,(500) Days of Summer,https://www.imdb.com/title/tt1022603/,movie,7.7,95,2009,"Comedy, Drama, Romance",432979,2009-01-17,Marc Webb
tt1024648,8,2016-04-27,Argo,https://www.imdb.com/title/tt1024648/,movie,7.7,120,2012,"Biography, Drama, Thriller",525225,2012-08-31,Ben Affleck
tt1028532,8,2016-09-01,Hachi: A Dog's Tale,https://www.imdb.com/title/tt1028532/,movie,8.1,93,2009,"Drama, Family",216392,2009-06-13,Lasse Hallström
tt1033575,8,2016-12-17,The Descendants,https://www.imdb.com/title/tt1033575/,movie,7.3,115,2011,"Comedy, Drama",221377,2011-09-02,Alexander Payne
tt0103939,8,2017-04-04,Chaplin,https://www.imdb.com/title/tt0103939/,movie,7.6,143,1992,"Biography, Comedy, Drama",48783,1992-12-16,Richard Attenborough
tt1045658,8,2016-12-04,Silver Linings Playbook,https://www.imdb.com/title/tt1045658/,movie,7.7,122,2012,"Comedy, Drama, Romance",610268,2012-09-08,David O. Russell
tt1049413,8,2018-01-04,Up,https://www.imdb.com/title/tt1049413/,movie,8.3,96,2009,"Animation, Adventure, Comedy, Family",821130,2009-05-13,"Pete Docter, Bob Peterson"
tt1093370,9,2018-06-13,Jab We Met,https://www.imdb.com/title/tt1093370/,movie,7.9,138,2007,"Comedy, Drama, Romance",41057,2007-10-26,Imtiaz Ali
tt0109830,9,2016-04-27,Forrest Gump,https://www.imdb.com/title/tt0109830/,movie,8.8,142,1994,"Drama, Romance",1558178,1994-06-23,Robert Zemeckis
tt0110357,9,2018-11-29,The Lion King,https://www.imdb.com/title/tt0110357/,movie,8.5,88,1994,"Animation, Adventure, Drama, Family, Musical",807947,1994-05-07,"Rob Minkoff, Roger Allers"
tt0111161,10,2017-02-04,The Shawshank Redemption,https://www.imdb.com/title/tt0111161/,movie,9.3,142,1994,Drama,2039088,1994-09-10,Frank Darabont
tt0112471,8,2018-09-22,Before Sunrise,https://www.imdb.com/title/tt0112471/,movie,8.1,101,1995,"Drama, Romance",231547,1995-01-19,Richard Linklater
tt0114709,8,2017-12-11,Toy Story,https://www.imdb.com/title/tt0114709/,movie,8.3,81,1995,"Animation, Adventure, Comedy, Family, Fantasy",768734,1995-11-19,John Lasseter
tt1156398,8,2016-11-26,Zombieland,https://www.imdb.com/title/tt1156398/,movie,7.7,88,2009,"Adventure, Comedy, Horror, Sci-Fi",447385,2009-09-25,Ruben Fleischer
tt1179933,8,2016-09-01,10 Cloverfield Lane,https://www.imdb.com/title/tt1179933/,movie,7.2,103,2016,"Drama, Horror, Mystery, Sci-Fi, Thriller",252596,2016-03-08,Dan Trachtenberg
tt1187043,8,2016-04-27,3 Idiots,https://www.imdb.com/title/tt1187043/,movie,8.4,170,2009,"Comedy, Drama",289841,2009-12-23,Rajkumar Hirani
tt0118799,9,2018-01-01,La vita è bella,https://www.imdb.com/title/tt0118799/,movie,8.6,116,1997,"Comedy, Drama, Romance, War",534947,1997-12-20,Roberto Benigni
tt0119217,10,2016-09-05,Good Will Hunting,https://www.imdb.com/title/tt0119217/,movie,8.3,126,1997,"Drama, Romance",746131,1997-12-02,Gus Van Sant
tt1193138,8,2016-12-17,Up in the Air,https://www.imdb.com/title/tt1193138/,movie,7.4,109,2009,"Drama, Romance",297043,2009-09-05,Jason Reitman
tt0120338,8,2018-09-22,Titanic,https://www.imdb.com/title/tt0120338/,movie,7.8,194,1997,"Drama, Romance",929842,1997-11-01,James Cameron
tt0120382,9,2016-09-01,The Truman Show,https://www.imdb.com/title/tt0120382/,movie,8.1,103,1998,"Comedy, Drama, Sci-Fi",815410,1998-06-01,Peter Weir
tt0120815,10,2016-04-27,Saving Private Ryan,https://www.imdb.com/title/tt0120815/,movie,8.6,169,1998,"Drama, War",1076831,1998-07-21,Steven Spielberg
tt1211837,7,2018-07-11,Doctor Strange,https://www.imdb.com/title/tt1211837/,movie,7.5,115,2016,"Action, Adventure, Fantasy, Sci-Fi",472650,2016-10-13,Scott Derrickson
tt1216475,5,2017-10-24,Cars 2,https://www.imdb.com/title/tt1216475/,movie,6.2,106,2011,"Animation, Adventure, Comedy, Family, Sport",132628,2011-06-18,"John Lasseter, Brad Lewis"
tt1219024,8,2016-09-01,Castle,https://www.imdb.com/title/tt1219024/,tvSeries,8.2,43,2009,"Comedy, Crime, Drama, Mystery, Romance",131052,2009-03-09,
tt1220617,8,2019-01-08,The Inbetweeners,https://www.imdb.com/title/tt1220617/,tvSeries,8.3,25,2008,Comedy,70466,2008-05-01,
tt1227926,9,2016-06-30,Dr. Horrible's Sing-Along Blog,https://www.imdb.com/title/tt1227926/,tvMiniSeries,8.6,42,2008,"Comedy, Musical, Sci-Fi",39242,2008-07-15,
tt1230165,8,2017-04-04,Rock On!!,https://www.imdb.com/title/tt1230165/,movie,7.8,145,2008,"Drama, Music",18781,2008-08-29,Abhishek Kapoor
tt0128445,8,2017-11-28,Rushmore,https://www.imdb.com/title/tt0128445/,movie,7.7,93,1998,"Comedy, Drama",154772,1998-09-17,Wes Anderson
tt1285016,8,2018-12-13,The Social Network,https://www.imdb.com/title/tt1285016/,movie,7.7,120,2010,"Biography, Drama",558348,2010-09-24,David Fincher
tt1306980,8,2016-12-04,50/50,https://www.imdb.com/title/tt1306980/,movie,7.7,100,2011,"Comedy, Drama, Romance",296897,2011-09-12,Jonathan Levine
tt1313104,9,2017-01-22,The Cove,https://www.imdb.com/title/tt1313104/,movie,8.4,92,2009,"Documentary, Crime",44623,2009-04-25,Louie Psihoyos
tt1324059,8,2016-09-24,Wake Up Sid,https://www.imdb.com/title/tt1324059/,movie,7.6,138,2009,"Comedy, Drama, Romance",24170,2009-10-02,Ayan Mukherjee
tt1336608,6,2016-10-27,Rock of Ages,https://www.imdb.com/title/tt1336608/,movie,5.9,123,2012,"Comedy, Drama, Musical, Romance",68961,2012-06-13,Adam Shankman
tt1345836,7,2016-04-27,The Dark Knight Rises,https://www.imdb.com/title/tt1345836/,movie,8.4,164,2012,"Action, Thriller",1353850,2012-07-16,Christopher Nolan
tt0137523,9,2019-01-07,Fight Club,https://www.imdb.com/title/tt0137523/,movie,8.8,139,1999,Drama,1632082,1999-09-10,David Fincher
tt1375666,9,2017-05-31,Inception,https://www.imdb.com/title/tt1375666/,movie,8.8,148,2010,"Action, Adventure, Sci-Fi, Thriller",1786270,2010-07-08,Christopher Nolan
tt1392190,9,2016-10-18,Mad Max: Fury Road,https://www.imdb.com/title/tt1392190/,movie,8.1,120,2015,"Action, Adventure, Sci-Fi, Thriller",755029,2015-05-07,George Miller
tt1399664,8,2016-04-21,The Night Manager,https://www.imdb.com/title/tt1399664/,tvSeries,8.2,358,2016,"Crime, Drama, Mystery, Thriller",57171,2016-02-21,
tt1424432,9,2016-04-21,Senna,https://www.imdb.com/title/tt1424432/,movie,8.6,106,2010,"Documentary, Biography, Sport",53164,2010-10-07,Asif Kapadia
tt1431045,8,2016-04-27,Deadpool,https://www.imdb.com/title/tt1431045/,movie,8.0,108,2016,"Action, Adventure, Comedy, Sci-Fi",788580,2016-01-21,Tim Miller
tt1434447,8,2016-12-17,Rocket Singh: Salesman of the Year,https://www.imdb.com/title/tt1434447/,movie,7.5,150,2009,"Comedy, Drama",15816,2009-12-10,Shimit Amin
tt1439629,8,2016-10-18,Community,https://www.imdb.com/title/tt1439629/,tvSeries,8.5,22,2009,Comedy,170395,2009-09-17,
tt1453405,7,2018-01-04,Monsters University,https://www.imdb.com/title/tt1453405/,movie,7.3,104,2013,"Animation, Adventure, Comedy, Family, Fantasy",284172,2013-06-05,Dan Scanlon
tt1457767,7,2016-10-18,The Conjuring,https://www.imdb.com/title/tt1457767/,movie,7.5,112,2013,"Horror, Mystery, Thriller",383651,2013-06-08,James Wan
tt1475582,8,2016-09-24,Sherlock,https://www.imdb.com/title/tt1475582/,tvSeries,9.2,88,2010,"Crime, Drama, Mystery, Thriller",678511,2010-07-25,
tt1485796,8,2018-07-01,The Greatest Showman,https://www.imdb.com/title/tt1485796/,movie,7.7,105,2017,"Biography, Drama, Musical",181598,2017-12-20,Michael Gracey
tt1504320,8,2016-04-27,The King's Speech,https://www.imdb.com/title/tt1504320/,movie,8.0,118,2010,"Biography, Drama, History",581480,2010-09-06,Tom Hooper
tt1562872,10,2016-09-01,Zindagi Na Milegi Dobara,https://www.imdb.com/title/tt1562872/,movie,8.1,155,2011,"Comedy, Drama",57014,2011-07-15,Zoya Akhtar
tt1563738,7,2018-09-01,One Day,https://www.imdb.com/title/tt1563738/,movie,7.0,107,2011,"Drama, Romance",125384,2011-08-08,Lone Scherfig
tt1570728,7,2017-03-29,"Crazy, Stupid, Love.",https://www.imdb.com/title/tt1570728/,movie,7.4,118,2011,"Comedy, Drama, Romance",429685,2011-07-19,"Glenn Ficarra, John Requa"
tt1596363,8,2016-04-27,The Big Short,https://www.imdb.com/title/tt1596363/,movie,7.8,130,2015,"Biography, Comedy, Drama, History",297163,2015-11-12,Adam McKay
tt1605783,8,2017-05-05,Midnight in Paris,https://www.imdb.com/title/tt1605783/,movie,7.7,94,2011,"Comedy, Fantasy, Romance",349494,2011-05-11,Woody Allen
tt1628033,8,2016-09-28,Top Gear,https://www.imdb.com/title/tt1628033/,tvSeries,8.7,60,2002,"Comedy, Talk-Show",98255,2002-10-20,
tt1629391,7,2019-01-08,Tere Bin Laden,https://www.imdb.com/title/tt1629391/,movie,7.2,95,2010,"Comedy, Drama",9685,2010-07-16,Abhishek Sharma
tt1631867,9,2017-03-10,Edge of Tomorrow,https://www.imdb.com/title/tt1631867/,movie,7.9,113,2014,"Action, Sci-Fi",532590,2014-05-28,Doug Liman
tt1638355,8,2016-06-22,The Man from U.N.C.L.E.,https://www.imdb.com/title/tt1638355/,movie,7.3,116,2015,"Action, Adventure, Comedy",234452,2015-08-02,Guy Ritchie
tt1639426,9,2016-09-01,Udaan,https://www.imdb.com/title/tt1639426/,movie,8.2,134,2010,Drama,38114,2010-05-19,Vikramaditya Motwane
tt1646971,8,2016-12-17,How to Train Your Dragon 2,https://www.imdb.com/title/tt1646971/,movie,7.8,102,2014,"Animation, Action, Adventure, Comedy, Family, Fantasy",263900,2014-05-16,Dean DeBlois
tt1655441,8,2016-10-09,The Age of Adaline,https://www.imdb.com/title/tt1655441/,movie,7.2,112,2015,"Drama, Fantasy, Romance",134396,2015-04-08,Lee Toland Krieger
tt1659337,7,2018-09-01,The Perks of Being a Wallflower,https://www.imdb.com/title/tt1659337/,movie,8.0,103,2012,"Drama, Romance",414850,2012-09-08,Stephen Chbosky
tt1663202,8,2016-09-01,The Revenant,https://www.imdb.com/title/tt1663202/,movie,8.0,156,2015,"Action, Adventure, Biography, Drama, Western",595254,2015-12-16,Alejandro G. Iñárritu
tt1670345,7,2016-10-18,Now You See Me,https://www.imdb.com/title/tt1670345/,movie,7.3,115,2013,"Crime, Mystery, Thriller",541037,2013-05-21,Louis Leterrier
tt0169102,8,2016-09-01,Lagaan: Once Upon a Time in India,https://www.imdb.com/title/tt0169102/,movie,8.1,224,2001,"Adventure, Drama, Musical, Romance, Sport",90639,2001-06-15,Ashutosh Gowariker
tt0169547,8,2016-09-01,American Beauty,https://www.imdb.com/title/tt0169547/,movie,8.4,122,1999,Drama,970005,1999-09-08,Sam Mendes
tt1714832,7,2016-10-18,Do Dooni Chaar,https://www.imdb.com/title/tt1714832/,movie,7.6,112,2010,"Comedy, Drama",4377,2010-10-08,Habib Faisal
tt1734110,8,2016-09-01,No One Killed Jessica,https://www.imdb.com/title/tt1734110/,movie,7.2,136,2011,"Biography, Crime, Drama, Thriller",9745,2011-01-06,Raj Kumar Gupta
tt1753383,7,2017-06-21,A Dog's Purpose,https://www.imdb.com/title/tt1753383/,movie,7.0,100,2017,"Adventure, Comedy, Drama, Family, Fantasy",49777,2017-01-19,Lasse Hallström
tt1759761,8,2016-09-28,Veep,https://www.imdb.com/title/tt1759761/,tvSeries,8.2,28,2012,Comedy,34088,2012-04-22,
tt1772341,8,2019-01-08,Wreck-It Ralph,https://www.imdb.com/title/tt1772341/,movie,7.7,101,2012,"Animation, Adventure, Comedy, Family, Fantasy",329580,2012-11-01,Rich Moore
tt0179552,9,2018-09-28,The Adventures of Tintin,https://www.imdb.com/title/tt0179552/,tvSeries,8.3,30,1991,"Animation, Action, Adventure, Comedy, Crime, Family, Mystery",15186,1991-10-02,
tt1798709,9,2016-10-18,Her,https://www.imdb.com/title/tt1798709/,movie,8.0,126,2013,"Drama, Romance, Sci-Fi",451240,2013-10-12,Spike Jonze
tt0181875,9,2015-06-17,Almost Famous,https://www.imdb.com/title/tt0181875/,movie,7.9,122,2000,"Adventure, Comedy, Drama, Music",231575,2000-09-08,Cameron Crowe
tt1821480,8,2016-09-01,Kahaani,https://www.imdb.com/title/tt1821480/,movie,8.1,122,2012,"Mystery, Thriller",50548,2012-03-08,Sujoy Ghosh
tt1837492,7,2019-01-08,13 Reasons Why,https://www.imdb.com/title/tt1837492/,tvSeries,8.1,60,2017,"Drama, Mystery",198974,2017-03-31,
tt1839596,7,2016-09-01,Rockstar,https://www.imdb.com/title/tt1839596/,movie,7.7,159,2011,"Drama, Music, Musical, Romance",33703,2011-11-11,Imtiaz Ali
tt1856101,9,2018-01-05,Blade Runner 2049,https://www.imdb.com/title/tt1856101/,movie,8.0,164,2017,"Drama, Mystery, Sci-Fi, Thriller",356156,2017-10-03,Denis Villeneuve
tt0185906,10,2015-10-29,Band of Brothers,https://www.imdb.com/title/tt0185906/,tvMiniSeries,9.5,594,2001,"Action, Drama, History, War",304629,2001-09-09,
tt1878870,7,2017-02-04,The Edge of Seventeen,https://www.imdb.com/title/tt1878870/,movie,7.4,104,2016,"Comedy, Drama",80258,2016-09-16,Kelly Fremon Craig
tt1895587,9,2016-04-22,Spotlight,https://www.imdb.com/title/tt1895587/,movie,8.1,129,2015,"Crime, Drama, History",349920,2015-09-03,Tom McCarthy
tt1935859,7,2017-04-04,Miss Peregrine's Home for Peculiar Children,https://www.imdb.com/title/tt1935859/,movie,6.7,127,2016,"Adventure, Drama, Fantasy, Thriller",136081,2016-09-25,Tim Burton
tt1954470,8,2016-10-18,Gangs of Wasseypur,https://www.imdb.com/title/tt1954470/,movie,8.2,321,2012,"Action, Comedy, Crime, Drama, Thriller",66854,2012-05-22,Anurag Kashyap
tt1979320,9,2016-12-06,Rush,https://www.imdb.com/title/tt1979320/,movie,8.1,123,2013,"Action, Biography, Drama, Sport",383571,2013-09-02,Ron Howard
tt1981677,7,2017-04-01,Pitch Perfect,https://www.imdb.com/title/tt1981677/,movie,7.2,112,2012,"Comedy, Music, Romance",250277,2012-09-28,Jason Moore
tt0198781,8,2016-11-07,"Monsters, Inc.",https://www.imdb.com/title/tt0198781/,movie,8.1,92,2001,"Animation, Adventure, Comedy, Family, Fantasy",718828,2001-10-28,"Pete Docter, David Silverman, Lee Unkrich"
tt2015381,7,2018-07-11,Guardians of the Galaxy,https://www.imdb.com/title/tt2015381/,movie,8.1,121,2014,"Action, Adventure, Comedy, Sci-Fi",900519,2014-07-21,James Gunn
tt2042568,8,2018-05-12,Inside Llewyn Davis,https://www.imdb.com/title/tt2042568/,movie,7.5,104,2013,"Drama, Music",120601,2013-05-19,"Ethan Coen, Joel Coen"
tt2080374,8,2016-10-20,Steve Jobs,https://www.imdb.com/title/tt2080374/,movie,7.2,122,2015,"Biography, Drama",135349,2015-09-05,Danny Boyle
tt2084970,8,2019-01-08,The Imitation Game,https://www.imdb.com/title/tt2084970/,movie,8.0,114,2014,"Biography, Drama, Thriller, War",600470,2014-08-29,Morten Tyldum
tt2085059,9,2017-11-12,Black Mirror,https://www.imdb.com/title/tt2085059/,tvSeries,8.9,60,2011,"Drama, Sci-Fi, Thriller",280132,2011-12-04,
tt2096673,8,2016-09-01,Inside Out,https://www.imdb.com/title/tt2096673/,movie,8.2,95,2015,"Animation, Adventure, Comedy, Drama, Family, Fantasy",515687,2015-05-18,"Pete Docter, Ronnie Del Carmen"
tt0211915,9,2016-04-27,Le fabuleux destin d'Amélie Poulain,https://www.imdb.com/title/tt0211915/,movie,8.3,122,2001,"Comedy, Romance",637888,2001-04-25,Jean-Pierre Jeunet
tt0021749,9,2018-12-26,City Lights,https://www.imdb.com/title/tt0021749/,movie,8.5,87,1931,"Comedy, Drama, Romance",141725,1931-01-30,Charles Chaplin
tt2178784,10,2019-01-13,Game of Thrones: The Rains of Castamere,https://www.imdb.com/title/tt2178784/,tvEpisode,9.9,51,2013,"Action, Adventure, Drama, Fantasy, Romance",67593,2013-06-02,David Nutter
tt2194499,8,2017-09-20,About Time,https://www.imdb.com/title/tt2194499/,movie,7.8,123,2013,"Comedy, Drama, Fantasy, Romance, Sci-Fi",252478,2013-06-27,Richard Curtis
tt2213054,8,2016-10-13,Kai po che!,https://www.imdb.com/title/tt2213054/,movie,7.6,120,2013,"Drama, Sport",23868,2013-02-13,Abhishek Kapoor
tt2229499,7,2016-12-04,Don Jon,https://www.imdb.com/title/tt2229499/,movie,6.6,90,2013,"Comedy, Drama, Romance",213128,2013-01-18,Joseph Gordon-Levitt
tt2266600,8,2016-09-28,Hemlock Society,https://www.imdb.com/title/tt2266600/,movie,7.4,135,2012,"Comedy, Drama, Romance",2147,2012-06-22,Srijit Mukherji
tt2267998,8,2016-04-27,Gone Girl,https://www.imdb.com/title/tt2267998/,movie,8.1,149,2014,"Crime, Drama, Mystery, Thriller",738196,2014-09-26,David Fincher
tt2277860,7,2016-11-07,Finding Dory,https://www.imdb.com/title/tt2277860/,movie,7.3,97,2016,"Animation, Adventure, Comedy, Family",205610,2016-06-08,"Andrew Stanton, Angus MacLane"
tt2278388,9,2016-09-24,The Grand Budapest Hotel,https://www.imdb.com/title/tt2278388/,movie,8.1,99,2014,"Adventure, Comedy, Drama",615863,2014-02-06,Wes Anderson
tt2294629,7,2016-11-07,Frozen,https://www.imdb.com/title/tt2294629/,movie,7.5,102,2013,"Animation, Adventure, Comedy, Family, Fantasy, Musical",503514,2013-11-10,"Jennifer Lee, Chris Buck"
tt2317337,8,2016-09-01,Vicky Donor,https://www.imdb.com/title/tt2317337/,movie,7.8,126,2012,"Comedy, Romance",34339,2012-04-19,Shoojit Sircar
tt2338151,8,2016-09-01,PK,https://www.imdb.com/title/tt2338151/,movie,8.2,153,2014,"Comedy, Drama, Fantasy, Sci-Fi",131980,2014-12-18,Rajkumar Hirani
tt2356777,9,2016-06-30,True Detective,https://www.imdb.com/title/tt2356777/,tvSeries,9.0,55,2014,"Crime, Drama, Mystery, Thriller",419864,2014-01-12,
tt2361509,8,2016-04-21,The Intern,https://www.imdb.com/title/tt2361509/,movie,7.1,121,2015,"Comedy, Drama",186321,2015-09-15,Nancy Meyers
tt2379713,7,2016-10-27,Spectre,https://www.imdb.com/title/tt2379713/,movie,6.8,148,2015,"Action, Adventure, Thriller",344989,2015-10-26,Sam Mendes
tt2380307,8,2018-12-24,Coco,https://www.imdb.com/title/tt2380307/,movie,8.4,105,2017,"Animation, Adventure, Comedy, Family, Fantasy, Music, Mystery",249712,2017-10-20,"Adrian Molina, Lee Unkrich"
tt2381111,9,2016-04-22,Brooklyn,https://www.imdb.com/title/tt2381111/,movie,7.5,117,2015,"Drama, Romance",113516,2015-01-26,John Crowley
tt2395695,9,2016-09-01,Cosmos,https://www.imdb.com/title/tt2395695/,tvSeries,9.3,557,2014,Documentary,91584,2014-03-09,
tt2401256,9,2016-08-29,The Night Of,https://www.imdb.com/title/tt2401256/,tvMiniSeries,8.6,60,2016,"Crime, Drama",94680,2016-06-24,
tt2488496,7,2016-04-27,Star Wars: Episode VII - The Force Awakens,https://www.imdb.com/title/tt2488496/,movie,8.0,136,2015,"Action, Adventure, Fantasy, Sci-Fi",767025,2015-12-14,J.J. Abrams
tt2518788,9,2015-06-07,1,https://www.imdb.com/title/tt2518788/,movie,8.0,112,2013,"Documentary, History, Sport",3307,2013-09-19,Paul Crowder
tt2527336,8,2017-12-22,Star Wars: Episode VIII - The Last Jedi,https://www.imdb.com/title/tt2527336/,movie,7.2,152,2017,"Action, Adventure, Fantasy, Sci-Fi",438330,2017-12-09,Rian Johnson
tt2543164,8,2017-02-04,Arrival,https://www.imdb.com/title/tt2543164/,movie,7.9,116,2016,"Drama, Mystery, Sci-Fi, Thriller",489386,2016-09-01,Denis Villeneuve
tt2562232,8,2016-04-27,Birdman or (The Unexpected Virtue of Ignorance),https://www.imdb.com/title/tt2562232/,movie,7.7,119,2014,"Comedy, Drama",503652,2014-08-27,Alejandro G. Iñárritu
tt2575988,8,2016-09-01,Silicon Valley,https://www.imdb.com/title/tt2575988/,tvSeries,8.5,28,2014,Comedy,98714,2014-04-06,
tt2582802,9,2016-04-21,Whiplash,https://www.imdb.com/title/tt2582802/,movie,8.5,106,2014,"Drama, Music",590523,2014-01-16,Damien Chazelle
tt2621000,7,2016-09-28,Jolly LLB,https://www.imdb.com/title/tt2621000/,movie,7.5,135,2013,"Comedy, Drama",13922,2013-03-14,Subhash Kapoor
tt0264464,8,2016-09-01,Catch Me If You Can,https://www.imdb.com/title/tt0264464/,movie,8.1,141,2002,"Biography, Crime, Drama",693452,2002-12-16,Steven Spielberg
tt0265208,6,2017-02-08,The Girl Next Door,https://www.imdb.com/title/tt0265208/,movie,6.7,109,2004,"Comedy, Drama, Romance",187930,2004-02-18,Luke Greenfield
tt0266543,9,2016-04-27,Finding Nemo,https://www.imdb.com/title/tt0266543/,movie,8.1,100,2003,"Animation, Adventure, Comedy, Family",845382,2003-05-30,"Andrew Stanton, Lee Unkrich"
tt0268978,9,2016-04-27,A Beautiful Mind,https://www.imdb.com/title/tt0268978/,movie,8.2,135,2001,"Biography, Drama",751631,2001-12-13,Ron Howard
tt2707408,9,2017-01-05,Narcos,https://www.imdb.com/title/tt2707408/,tvSeries,8.8,49,2015,"Biography, Crime, Drama, Thriller",277063,2015-08-28,
tt2788710,6,2016-04-21,The Interview,https://www.imdb.com/title/tt2788710/,movie,6.5,112,2014,Comedy,281807,2014-12-11,"Evan Goldberg, Seth Rogen"
tt2798920,8,2018-05-12,Annihilation,https://www.imdb.com/title/tt2798920/,movie,6.9,115,2018,"Adventure, Drama, Horror, Mystery, Sci-Fi, Thriller",199548,2018-02-13,Alex Garland
tt2806788,6,2018-10-26,Fukrey,https://www.imdb.com/title/tt2806788/,movie,6.9,139,2013,"Comedy, Drama, Romance",9349,2013-06-13,Mrighdeep Lamba
tt2911666,8,2019-01-08,John Wick,https://www.imdb.com/title/tt2911666/,movie,7.3,101,2014,"Action, Crime, Thriller",412055,2014-09-19,"David Leitch, Chad Stahelski"
tt2980516,8,2017-03-26,The Theory of Everything,https://www.imdb.com/title/tt2980516/,movie,7.7,123,2014,"Biography, Drama, Romance",348561,2014-09-07,James Marsh
tt0298203,8,2017-04-01,8 Mile,https://www.imdb.com/title/tt0298203/,movie,7.1,110,2002,"Drama, Music",223484,2002-09-08,Curtis Hanson
tt0303461,10,2016-08-20,Firefly,https://www.imdb.com/title/tt0303461/,tvSeries,9.0,44,2002,"Adventure, Drama, Sci-Fi",220646,2002-09-20,
tt3065204,6,2016-10-18,The Conjuring 2,https://www.imdb.com/title/tt3065204/,movie,7.4,134,2016,"Horror, Mystery, Thriller",185227,2016-05-13,James Wan
tt3104988,7,2019-01-08,Crazy Rich Asians,https://www.imdb.com/title/tt3104988/,movie,7.0,120,2018,"Comedy, Romance",69151,2018-08-07,Jon M. Chu
tt3165612,8,2016-04-27,Sleeping with Other People,https://www.imdb.com/title/tt3165612/,movie,6.5,101,2015,"Comedy, Drama, Romance",34956,2015-01-24,Leslye Headland
tt3170832,9,2016-04-27,Room,https://www.imdb.com/title/tt3170832/,movie,8.2,118,2015,"Drama, Thriller",299990,2015-09-04,Lenny Abrahamson
tt0317219,7,2016-11-07,Cars,https://www.imdb.com/title/tt0317219/,movie,7.1,117,2006,"Animation, Comedy, Family, Sport",318006,2006-03-14,"John Lasseter, Joe Ranft"
tt0317705,8,2016-11-07,The Incredibles,https://www.imdb.com/title/tt0317705/,movie,8.0,115,2004,"Animation, Action, Adventure, Family",582117,2004-10-27,Brad Bird
tt3183660,7,2016-11-19,Fantastic Beasts and Where to Find Them,https://www.imdb.com/title/tt3183660/,movie,7.3,133,2016,"Adventure, Family, Fantasy",346284,2016-11-08,David Yates
tt3230854,9,2018-08-10,The Expanse,https://www.imdb.com/title/tt3230854/,tvSeries,8.4,60,2015,"Drama, Mystery, Sci-Fi, Thriller",63111,2015-11-23,
tt0032553,9,2016-04-27,The Great Dictator,https://www.imdb.com/title/tt0032553/,movie,8.5,125,1940,"Comedy, Drama, War",175008,1940-10-15,Charles Chaplin
tt3315342,8,2017-03-06,Logan,https://www.imdb.com/title/tt3315342/,movie,8.1,137,2017,"Action, Drama, Sci-Fi, Thriller",529357,2017-02-17,James Mangold
tt3322420,8,2016-10-18,Queen,https://www.imdb.com/title/tt3322420/,movie,8.2,146,2013,"Comedy, Drama",53665,2013-09-30,Vikas Bahl
tt0332379,8,2018-08-24,The School of Rock,https://www.imdb.com/title/tt0332379/,movie,7.1,108,2003,"Comedy, Music",238971,2003-09-09,Richard Linklater
tt0335266,8,2016-08-01,Lost in Translation,https://www.imdb.com/title/tt0335266/,movie,7.8,102,2003,Drama,367292,2003-08-29,Sofia Coppola
tt0338013,9,2016-04-27,Eternal Sunshine of the Spotless Mind,https://www.imdb.com/title/tt0338013/,movie,8.3,108,2004,"Drama, Romance, Sci-Fi",804266,2004-03-09,Michel Gondry
tt0343660,6,2018-09-01,50 First Dates,https://www.imdb.com/title/tt0343660/,movie,6.8,99,2004,"Comedy, Drama, Romance",298672,2004-02-03,Peter Segal
tt3447364,8,2016-06-08,Detective Byomkesh Bakshy!,https://www.imdb.com/title/tt3447364/,movie,7.6,139,2015,"Action, Mystery, Thriller",13852,2015-04-02,Dibakar Banerjee
tt3472226,8,2016-10-18,Kung Fury,https://www.imdb.com/title/tt3472226/,short,8.0,31,2015,"Short, Action, Comedy, Fantasy, Sci-Fi",50988,2015-05-22,David Sandberg
tt3501584,8,2016-04-21,iZombie,https://www.imdb.com/title/tt3501584/,tvSeries,7.9,42,2015,"Comedy, Crime, Drama, Horror",51951,2015-03-17,
tt3502172,8,2017-01-22,Mozart in the Jungle,https://www.imdb.com/title/tt3502172/,tvSeries,8.2,29,2014,"Comedy, Drama, Music",19839,2014-02-06,
tt3530232,8,2016-04-21,Last Week Tonight with John Oliver,https://www.imdb.com/title/tt3530232/,tvSeries,9.0,30,2014,"Comedy, News, Talk-Show",63843,2014-04-27,
tt3544112,9,2018-12-28,Sing Street,https://www.imdb.com/title/tt3544112/,movie,8.0,106,2016,"Comedy, Drama, Music, Romance",71795,2016-01-24,John Carney
tt3606752,7,2017-10-24,Cars 3,https://www.imdb.com/title/tt3606752/,movie,6.8,102,2017,"Animation, Adventure, Comedy, Family, Sport",54472,2017-06-10,Brian Fee
tt3606756,7,2018-10-24,Incredibles 2,https://www.imdb.com/title/tt3606756/,movie,7.8,118,2018,"Animation, Action, Adventure, Comedy, Family, Sci-Fi",163307,2018-06-05,Brad Bird
tt0361748,9,2019-01-08,Inglourious Basterds,https://www.imdb.com/title/tt0361748/,movie,8.3,153,2009,"Adventure, Drama, War",1087624,2009-05-20,"Quentin Tarantino, Eli Roth"
tt0365748,8,2016-11-26,Shaun of the Dead,https://www.imdb.com/title/tt0365748/,movie,7.9,99,2004,"Comedy, Horror",459698,2004-03-29,Edgar Wright
tt3659388,8,2016-04-27,The Martian,https://www.imdb.com/title/tt3659388/,movie,8.0,144,2015,"Adventure, Drama, Sci-Fi",654098,2015-09-11,Ridley Scott
tt0367110,9,2019-01-10,"Swades: We, the People",https://www.imdb.com/title/tt0367110/,movie,8.3,210,2004,Drama,72983,2004-12-17,Ashutosh Gowariker
tt0367594,7,2017-04-04,Charlie and the Chocolate Factory,https://www.imdb.com/title/tt0367594/,movie,6.7,115,2005,"Adventure, Comedy, Family, Fantasy, Musical",380168,2005-07-10,Tim Burton
tt0369610,7,2016-04-27,Jurassic World,https://www.imdb.com/title/tt0369610/,movie,7.0,124,2015,"Action, Adventure, Sci-Fi",525364,2015-05-29,Colin Trevorrow
tt0371724,8,2017-04-17,The Hitchhiker's Guide to the Galaxy,https://www.imdb.com/title/tt0371724/,movie,6.8,109,2005,"Adventure, Comedy, Sci-Fi",175021,2005-04-20,Garth Jennings
tt3731562,7,2018-03-02,Kong: Skull Island,https://www.imdb.com/title/tt3731562/,movie,6.7,118,2017,"Action, Adventure, Fantasy, Sci-Fi",223933,2017-02-28,Jordan Vogt-Roberts
tt0373469,8,2017-04-21,Kiss Kiss Bang Bang,https://www.imdb.com/title/tt0373469/,movie,7.6,103,2005,"Action, Comedy, Crime, Mystery, Thriller",199649,2005-05-14,Shane Black
tt3741834,7,2017-10-02,Lion,https://www.imdb.com/title/tt3741834/,movie,8.1,118,2016,"Biography, Drama",172294,2016-09-10,Garth Davis
tt0374887,9,2016-09-01,Munna Bhai M.B.B.S.,https://www.imdb.com/title/tt0374887/,movie,8.2,156,2003,"Comedy, Drama, Musical",62644,2003-12-19,Rajkumar Hirani
tt3767372,8,2016-10-18,Piku,https://www.imdb.com/title/tt3767372/,movie,7.6,123,2015,"Comedy, Drama",23911,2015-05-07,Shoojit Sircar
tt3783958,8,2017-05-31,La La Land,https://www.imdb.com/title/tt3783958/,movie,8.0,128,2016,"Comedy, Drama, Music, Musical, Romance",413447,2016-08-31,Damien Chazelle
tt0379786,8,2016-08-30,Serenity,https://www.imdb.com/title/tt0379786/,movie,7.9,119,2005,"Action, Adventure, Sci-Fi, Thriller",266027,2005-08-22,Joss Whedon
tt3799694,8,2016-10-18,The Nice Guys,https://www.imdb.com/title/tt3799694/,movie,7.4,116,2016,"Action, Comedy, Crime, Mystery, Thriller",230040,2016-05-15,Shane Black
tt0380136,8,2016-10-18,QI,https://www.imdb.com/title/tt0380136/,tvSeries,8.6,30,2003,"Comedy, Game-Show",27083,2003-09-11,
tt3824386,7,2016-11-07,Lava,https://www.imdb.com/title/tt3824386/,short,7.2,7,2014,"Animation, Short, Family, Music, Romance",12207,2014-10-10,James Ford Murphy
tt0382932,9,2016-11-07,Ratatouille,https://www.imdb.com/title/tt0382932/,movie,8.0,111,2007,"Animation, Adventure, Comedy, Drama, Family, Fantasy",561443,2007-06-22,"Brad Bird, Jan Pinkava"
tt3850214,7,2017-06-25,Dope,https://www.imdb.com/title/tt3850214/,movie,7.2,103,2015,"Comedy, Crime, Drama",75359,2015-01-24,Rick Famuyiwa
tt3859980,7,2016-10-11,Mohenjo Daro,https://www.imdb.com/title/tt3859980/,movie,5.8,155,2016,"Action, Adventure, Drama, History",9306,2016-08-11,Ashutosh Gowariker
tt3866850,9,2019-01-13,Game of Thrones: Hardhome,https://www.imdb.com/title/tt3866850/,tvEpisode,9.9,61,2015,"Action, Adventure, Drama, Fantasy, Romance",70667,2015-05-31,Miguel Sapochnik
tt3890160,9,2017-09-20,Baby Driver,https://www.imdb.com/title/tt3890160/,movie,7.6,112,2017,"Action, Crime, Drama, Music, Thriller",341879,2017-03-11,Edgar Wright
tt3896198,7,2018-07-11,Guardians of the Galaxy Vol. 2,https://www.imdb.com/title/tt3896198/,movie,7.7,136,2017,"Action, Adventure, Comedy, Sci-Fi",436754,2017-04-10,James Gunn
tt4034228,8,2017-01-27,Manchester by the Sea,https://www.imdb.com/title/tt4034228/,movie,7.8,137,2016,Drama,204740,2016-01-23,Kenneth Lonergan
tt4052882,7,2016-09-12,The Shallows,https://www.imdb.com/title/tt4052882/,movie,6.3,86,2016,"Drama, Horror, Thriller",103277,2016-06-21,Jaume Collet-Serra
tt0412142,10,2016-04-27,House M.D.,https://www.imdb.com/title/tt0412142/,tvSeries,8.7,44,2004,"Drama, Mystery",366015,2004-11-16,
tt4156586,6,2017-03-29,Permanent Roommates,https://www.imdb.com/title/tt4156586/,tvSeries,8.6,21,2014,"Comedy, Romance",18252,2014-10-29,
tt4158110,9,2016-09-01,Mr. Robot,https://www.imdb.com/title/tt4158110/,tvSeries,8.6,49,2015,"Crime, Drama, Thriller",268613,2015-03-17,
tt4160708,7,2016-11-13,Don't Breathe,https://www.imdb.com/title/tt4160708/,movie,7.1,88,2016,"Crime, Horror, Thriller",178160,2016-03-12,Fede Alvarez
tt4169250,7,2017-06-10,M.S. Dhoni: The Untold Story,https://www.imdb.com/title/tt4169250/,movie,7.7,184,2016,"Biography, Drama, Sport",27310,2016-09-29,Neeraj Pandey
tt0420293,7,2017-07-30,The Stanford Prison Experiment,https://www.imdb.com/title/tt0420293/,movie,6.9,122,2015,"Biography, Drama, History, Thriller",31401,2015-01-26,Kyle Patrick Alvarez
tt4269746,6,2017-03-31,The Matchbreaker,https://www.imdb.com/title/tt4269746/,movie,5.6,94,2016,"Comedy, Romance",2263,2016-10-07,Caleb Vetter
tt4283028,9,2019-01-13,Game of Thrones: The Door,https://www.imdb.com/title/tt4283028/,tvEpisode,9.7,57,2016,"Action, Adventure, Drama, Fantasy, Romance",51232,2016-05-22,Jack Bender
tt4283088,10,2019-01-13,Game of Thrones: Battle of the Bastards,https://www.imdb.com/title/tt4283088/,tvEpisode,9.9,60,2016,"Action, Adventure, Drama, Fantasy, Romance",157964,2016-06-19,Miguel Sapochnik
tt0434409,8,2016-04-27,V for Vendetta,https://www.imdb.com/title/tt0434409/,movie,8.2,132,2005,"Action, Drama, Sci-Fi, Thriller",934114,2005-12-11,James McTeigue
tt4354792,8,2019-01-11,Jai Ho,https://www.imdb.com/title/tt4354792/,movie,7.8,60,2014,"Documentary, Biography, Music",33,,Umesh Aggarwal
tt4385888,8,2017-05-05,20th Century Women,https://www.imdb.com/title/tt4385888/,movie,7.3,119,2016,"Comedy, Drama",30519,2016-10-08,Mike Mills
tt4425200,8,2019-01-08,John Wick: Chapter 2,https://www.imdb.com/title/tt4425200/,movie,7.5,122,2017,"Action, Crime, Thriller",255819,2017-01-30,Chad Stahelski
tt0446029,8,2016-11-26,Scott Pilgrim vs. the World,https://www.imdb.com/title/tt0446029/,movie,7.5,112,2010,"Action, Comedy, Fantasy, Romance",329721,2010-07-27,Edgar Wright
tt0451279,7,2017-07-02,Wonder Woman,https://www.imdb.com/title/tt0451279/,movie,7.5,141,2017,"Action, Adventure, Fantasy, Sci-Fi, War",459638,2017-05-15,Patty Jenkins
tt0453729,9,2016-10-09,Iqbal,https://www.imdb.com/title/tt0453729/,movie,8.1,132,2005,"Drama, Sport",14051,2005-08-26,Nagesh Kukunoor
tt4540710,7,2017-03-21,Miss Sloane,https://www.imdb.com/title/tt4540710/,movie,7.5,132,2016,"Drama, Thriller",49143,2016-11-11,John Madden
tt4550098,8,2017-01-04,Nocturnal Animals,https://www.imdb.com/title/tt4550098/,movie,7.5,116,2016,"Crime, Drama, Romance, Thriller",195586,2016-09-02,Tom Ford
tt0456144,8,2016-10-06,Lage Raho Munna Bhai,https://www.imdb.com/title/tt0456144/,movie,8.1,144,2006,"Comedy, Drama, Fantasy, Romance",37247,2006-09-01,Rajkumar Hirani
tt4574334,9,2016-07-29,Stranger Things,https://www.imdb.com/title/tt4574334/,tvSeries,8.9,51,2016,"Drama, Fantasy, Horror, Mystery, Sci-Fi, Thriller",548637,2016-07-11,
tt0458352,8,2018-09-01,The Devil Wears Prada,https://www.imdb.com/title/tt0458352/,movie,6.9,109,2006,"Comedy, Drama",331548,2006-06-29,David Frankel
tt0460649,8,2016-09-28,How I Met Your Mother,https://www.imdb.com/title/tt0460649/,tvSeries,8.3,22,2005,"Comedy, Romance",524866,2005-09-19,
tt4635372,8,2018-06-08,Masaan,https://www.imdb.com/title/tt4635372/,movie,8.1,109,2015,Drama,17489,2015-05-19,Neeraj Ghaywan
tt0466460,9,2016-09-01,Khosla Ka Ghosla!,https://www.imdb.com/title/tt0466460/,movie,8.3,135,2006,"Comedy, Crime, Drama",19273,2006-09-22,Dibakar Banerjee
tt0468569,9,2016-04-27,The Dark Knight,https://www.imdb.com/title/tt0468569/,movie,9.0,152,2008,"Action, Crime, Drama, Thriller",2006813,2008-07-14,Christopher Nolan
tt0470752,9,2016-10-18,Ex Machina,https://www.imdb.com/title/tt0470752/,movie,7.7,108,2014,"Drama, Mystery, Sci-Fi, Thriller",409410,2014-12-16,Alex Garland
tt4742876,8,2016-10-18,TVF Pitchers,https://www.imdb.com/title/tt4742876/,tvMiniSeries,9.2,40,2015,"Comedy, Drama",42679,2015-06-03,
tt0475784,9,2017-01-14,Westworld,https://www.imdb.com/title/tt0475784/,tvSeries,8.8,62,2016,"Drama, Mystery, Sci-Fi, Western",322675,2016-09-30,
tt0477348,9,2016-04-27,No Country for Old Men,https://www.imdb.com/title/tt0477348/,movie,8.1,122,2007,"Crime, Drama, Thriller",747395,2007-05-19,"Ethan Coen, Joel Coen"
tt0482571,8,2016-11-01,The Prestige,https://www.imdb.com/title/tt0482571/,movie,8.5,130,2006,"Drama, Mystery, Sci-Fi, Thriller",1036739,2006-10-17,Christopher Nolan
tt4834206,9,2017-02-11,A Series of Unfortunate Events,https://www.imdb.com/title/tt4834206/,tvSeries,7.9,50,2017,"Adventure, Comedy, Drama, Family, Mystery",42548,2017-01-11,
tt0048473,9,2016-09-01,Pather Panchali,https://www.imdb.com/title/tt0048473/,movie,8.5,125,1955,Drama,18525,1955-08-26,Satyajit Ray
tt4875844,8,2017-03-03,The 24 Hour War,https://www.imdb.com/title/tt4875844/,movie,7.3,99,2016,"Documentary, History",682,2016-12-31,"Nate Adams, Adam Carolla"
tt4877736,9,2018-03-21,BrainDead,https://www.imdb.com/title/tt4877736/,tvSeries,8.1,44,2016,"Comedy, Drama, Horror, Sci-Fi, Thriller",8915,2016-06-13,
tt0048956,8,2018-12-24,Aparajito,https://www.imdb.com/title/tt0048956/,movie,8.2,110,1956,Drama,9241,1956-10-11,Satyajit Ray
tt4900716,7,2016-10-18,Kapoor & Sons,https://www.imdb.com/title/tt4900716/,movie,7.7,132,2016,"Comedy, Drama, Romance",19152,2016-03-17,Shakun Batra
tt4925292,8,2019-01-08,Lady Bird,https://www.imdb.com/title/tt4925292/,movie,7.4,94,2017,"Comedy, Drama",161794,2017-09-01,Greta Gerwig
tt0493949,7,2017-03-29,Ramona and Beezus,https://www.imdb.com/title/tt0493949/,movie,6.6,103,2010,"Adventure, Comedy, Family, Fantasy",15749,2010-07-23,Elizabeth Allen Rosenbaum
tt4975722,9,2017-01-27,Moonlight,https://www.imdb.com/title/tt4975722/,movie,7.4,111,2016,Drama,214304,2016-09-02,Barry Jenkins
tt5013056,8,2017-12-26,Dunkirk,https://www.imdb.com/title/tt5013056/,movie,7.9,106,2017,"Action, Drama, History, Thriller, War",441063,2017-07-13,Christopher Nolan
tt5052448,8,2017-12-28,Get Out,https://www.imdb.com/title/tt5052448/,movie,7.7,104,2017,"Horror, Mystery, Thriller",357950,2017-01-23,Jordan Peele
tt5074352,8,2019-01-08,Dangal,https://www.imdb.com/title/tt5074352/,movie,8.5,161,2016,"Action, Biography, Drama, Sport",113222,2016-12-21,Nitesh Tiwari
tt5104604,8,2019-01-08,Isle of Dogs,https://www.imdb.com/title/tt5104604/,movie,7.9,101,2018,"Animation, Adventure, Comedy, Drama, Fantasy, Sci-Fi",89341,2018-02-15,Wes Anderson
tt5164432,7,2018-08-17,"Love, Simon",https://www.imdb.com/title/tt5164432/,movie,7.7,110,2018,"Comedy, Drama, Romance",71944,2018-02-27,Greg Berlanti
tt5278460,8,2016-12-04,Audrie & Daisy,https://www.imdb.com/title/tt5278460/,movie,7.2,95,2016,Documentary,4312,2016-01-25,"Bonni Cohen, Jon Shenk"
tt5286444,8,2016-09-01,Neerja,https://www.imdb.com/title/tt5286444/,movie,7.7,122,2016,"Biography, Drama, Thriller",17669,2016-02-19,Ram Madhvani
tt5462602,8,2017-09-27,The Big Sick,https://www.imdb.com/title/tt5462602/,movie,7.6,120,2017,"Comedy, Drama, Romance",98977,2017-01-20,Michael Showalter
tt5491994,10,2017-01-29,Planet Earth II,https://www.imdb.com/title/tt5491994/,tvMiniSeries,9.5,360,2016,Documentary,62729,2016-11-06,
tt5571734,9,2016-12-14,Pink,https://www.imdb.com/title/tt5571734/,movie,8.2,136,2016,Drama,30602,2016-09-16,Aniruddha Roy Chowdhury
tt5613056,8,2017-03-29,Piper,https://www.imdb.com/title/tt5613056/,short,8.4,6,2016,"Animation, Short, Family",21490,2016-06-16,Alan Barillaro
tt0057012,9,2019-01-08,Dr. Strangelove or: How I Learned to Stop Worrying and Love the Bomb,https://www.imdb.com/title/tt0057012/,movie,8.4,95,1964,Comedy,405988,1964-01-29,Stanley Kubrick
tt5712554,8,2016-12-21,The Grand Tour,https://www.imdb.com/title/tt5712554/,tvSeries,8.7,60,2016,"Comedy, Talk-Show",49789,2016-11-18,
tt5764096,8,2017-06-23,Hindi Medium,https://www.imdb.com/title/tt5764096/,movie,7.8,132,2017,"Comedy, Drama",15872,2017-05-18,Saket Chaudhary
tt5788792,9,2018-01-28,The Marvelous Mrs. Maisel,https://www.imdb.com/title/tt5788792/,tvSeries,8.7,57,2017,"Comedy, Drama",34955,2017-03-17,
tt5935704,7,2018-01-27,Padmaavat,https://www.imdb.com/title/tt5935704/,movie,7.0,164,2018,"Drama, History, Romance, War",21386,2018-01-25,Sanjay Leela Bhansali
tt5952332,8,2016-09-30,Amanda Knox,https://www.imdb.com/title/tt5952332/,movie,7.0,92,2016,"Documentary, Crime",15606,2016-09-10,"Rod Blackhurst, Brian McGinn"
tt0059742,9,2016-08-20,The Sound of Music,https://www.imdb.com/title/tt0059742/,movie,8.0,172,1965,"Biography, Drama, Family, Musical, Romance",177591,1965-03-02,Robert Wise
tt5982852,6,2017-06-23,Jolly LLB 2,https://www.imdb.com/title/tt5982852/,movie,7.3,137,2017,"Comedy, Drama",18156,2017-02-09,Subhash Kapoor
tt6077448,8,2018-09-01,Sacred Games,https://www.imdb.com/title/tt6077448/,tvSeries,8.9,50,2018,"Action, Crime, Drama, Thriller",48618,2018-06-28,
tt6112414,7,2017-12-30,Inside Edge,https://www.imdb.com/title/tt6112414/,tvSeries,8.2,45,2017,"Drama, Sport",4066,2017-07-10,
tt0061722,8,2017-02-08,The Graduate,https://www.imdb.com/title/tt0061722/,movie,8.0,106,1967,"Comedy, Drama, Romance",234011,1967-12-21,Mike Nichols
tt6206564,7,2017-10-02,Trapped,https://www.imdb.com/title/tt6206564/,movie,7.6,105,2016,"Action, Drama, Thriller",7021,2016-10-26,Vikramaditya Motwane
tt0062622,8,2016-04-27,2001: A Space Odyssey,https://www.imdb.com/title/tt0062622/,movie,8.3,149,1968,"Adventure, Sci-Fi",527162,1968-04-02,Stanley Kubrick
tt6452574,5,2018-11-29,Sanju,https://www.imdb.com/title/tt6452574/,movie,8.0,155,2018,"Biography, Drama",36819,2018-06-28,Rajkumar Hirani
tt6473300,7,2018-12-22,Mirzapur,https://www.imdb.com/title/tt6473300/,tvSeries,8.6,60,2018,"Action, Crime, Thriller",12965,2018-11-16,
tt6484982,8,2017-10-01,Newton,https://www.imdb.com/title/tt6484982/,movie,7.7,106,2017,Drama,11585,2017-02-10,Amit Masurkar
tt6580564,7,2018-07-28,102 Not Out,https://www.imdb.com/title/tt6580564/,movie,7.5,102,2018,"Comedy, Drama",4367,2018-05-03,Umesh Shukla
tt6588966,6,2018-06-06,Hichki,https://www.imdb.com/title/tt6588966/,movie,7.5,116,2018,"Comedy, Drama",6429,2018-03-22,Siddharth Malhotra
tt0066763,10,2016-09-01,Anand,https://www.imdb.com/title/tt0066763/,movie,8.8,122,1971,Drama,21909,1971-03-12,Hrishikesh Mukherjee
tt0067334,9,2017-04-01,Le Mans,https://www.imdb.com/title/tt0067334/,movie,6.8,106,1971,"Action, Adventure, Drama, Sport",7718,1971-06-23,Lee H. Katzin
tt6789386,7,2017-05-23,Posto,https://www.imdb.com/title/tt6789386/,movie,7.5,150,2017,"Drama, Family",475,2017-05-12,"Shiboprosad Mukherjee, Nandita Roy"
tt0067992,8,2017-02-08,Willy Wonka & the Chocolate Factory,https://www.imdb.com/title/tt0067992/,movie,7.8,100,1971,"Family, Fantasy, Musical",156299,1971-06-28,Mel Stuart
tt6923462,8,2019-01-07,Manto,https://www.imdb.com/title/tt6923462/,movie,7.5,112,2018,"Biography, Drama",1913,2018-05-13,Nandita Das
tt6972140,6,2018-06-29,Blackmail,https://www.imdb.com/title/tt6972140/,movie,7.0,138,2018,"Action, Comedy, Crime, Thriller",5911,2018-04-06,Abhinay Deo
tt6981046,8,2017-11-01,Williams,https://www.imdb.com/title/tt6981046/,movie,7.7,109,2017,"Documentary, Biography, Sport",1770,2017-08-04,Morgan Matthews
tt7098658,8,2018-12-25,Raazi,https://www.imdb.com/title/tt7098658/,movie,7.8,138,2018,"Action, Drama, Thriller",14869,2018-05-10,Meghna Gulzar
tt7218518,6,2019-01-04,Padman,https://www.imdb.com/title/tt7218518/,movie,8.1,140,2018,"Biography, Comedy, Drama",13566,2018-02-09,R. Balki
tt0073486,9,2017-04-01,One Flew Over the Cuckoo's Nest,https://www.imdb.com/title/tt0073486/,movie,8.7,133,1975,Drama,809931,1975-11-19,Milos Forman
tt0073707,8,2016-09-01,Sholay,https://www.imdb.com/title/tt0073707/,movie,8.2,198,1975,"Action, Adventure, Comedy, Drama, Musical, Thriller",45413,1975-08-15,Ramesh Sippy
tt7469726,5,2019-01-09,Shaadi Mein Zaroor Aana,https://www.imdb.com/title/tt7469726/,movie,7.7,137,2017,"Drama, Family, Romance",8694,2017-11-09,Ratnaa Sinha
tt0075148,9,2016-10-11,Rocky,https://www.imdb.com/title/tt0075148/,movie,8.1,120,1976,"Drama, Sport",460459,1976-11-20,John G. Avildsen
tt0075314,8,2016-09-01,Taxi Driver,https://www.imdb.com/title/tt0075314/,movie,8.3,114,1976,"Crime, Drama",619323,1976-02-07,Martin Scorsese
tt7581902,6,2018-06-13,Sonu Ke Titu Ki Sweety,https://www.imdb.com/title/tt7581902/,movie,7.2,138,2018,"Comedy, Romance",14406,2018-02-23,Luv Ranjan
tt0758752,7,2018-05-30,Love & Other Drugs,https://www.imdb.com/title/tt0758752/,movie,6.7,112,2010,"Comedy, Drama, Romance",164316,2010-11-04,Edward Zwick
tt0758766,7,2018-05-04,Music and Lyrics,https://www.imdb.com/title/tt0758766/,movie,6.5,96,2007,"Comedy, Music, Romance",89950,2007-02-09,Marc Lawrence
tt7700730,8,2018-12-30,October,https://www.imdb.com/title/tt7700730/,movie,7.6,115,2018,"Drama, Romance",9091,2018-04-12,Shoojit Sircar
tt7725596,7,2018-12-23,Badhaai Ho,https://www.imdb.com/title/tt7725596/,movie,8.1,124,2018,"Comedy, Drama",12400,2018-10-18,Amit Ravindernath Sharma
tt0780504,8,2016-10-18,Drive,https://www.imdb.com/title/tt0780504/,movie,7.8,100,2011,"Crime, Drama",510124,2011-05-20,Nicolas Winding Refn
tt0790636,8,2016-12-22,Dallas Buyers Club,https://www.imdb.com/title/tt0790636/,movie,8.0,117,2013,"Biography, Drama",393331,2013-09-07,Jean-Marc Vallée
tt7919680,8,2018-10-20,Karwaan,https://www.imdb.com/title/tt7919680/,movie,7.6,114,2018,"Comedy, Drama",6988,2018-08-03,Akarsh Khurana
tt0795176,10,2015-10-29,Planet Earth,https://www.imdb.com/title/tt0795176/,tvMiniSeries,9.4,533,2006,Documentary,141107,2006-02-27,
tt0800039,7,2016-10-18,Forgetting Sarah Marshall,https://www.imdb.com/title/tt0800039/,movie,7.2,111,2008,"Comedy, Drama, Romance",243813,2008-03-10,Nicholas Stoller
tt0804503,9,2018-11-24,Mad Men,https://www.imdb.com/title/tt0804503/,tvSeries,8.6,47,2007,Drama,174625,2007-07-19,
tt8108198,8,2018-12-24,Andhadhun,https://www.imdb.com/title/tt8108198/,movie,8.8,139,2018,"Comedy, Crime, Thriller",28257,2018-10-04,Sriram Raghavan
tt0815236,6,2017-02-08,She's Out of My League,https://www.imdb.com/title/tt0815236/,movie,6.4,104,2010,"Comedy, Romance",115013,2010-03-11,Jim Field Smith
tt0816692,8,2016-04-27,Interstellar,https://www.imdb.com/title/tt0816692/,movie,8.6,169,2014,"Adventure, Drama, Sci-Fi",1247761,2014-10-26,Christopher Nolan
tt0822832,8,2019-01-08,Marley & Me,https://www.imdb.com/title/tt0822832/,movie,7.1,115,2008,"Comedy, Drama, Family",133554,2008-12-25,David Frankel
tt0083658,9,2018-01-05,Blade Runner,https://www.imdb.com/title/tt0083658/,movie,8.2,117,1982,"Sci-Fi, Thriller",612260,1982-06-25,Ridley Scott
tt0838221,8,2017-04-20,The Darjeeling Limited,https://www.imdb.com/title/tt0838221/,movie,7.2,91,2007,"Adventure, Comedy, Drama",162009,2007-08-31,Wes Anderson
tt8439854,6,2018-07-10,Lust Stories,https://www.imdb.com/title/tt8439854/,movie,6.6,120,2018,"Drama, Romance",7087,2018-06-15,"Karan Johar, Zoya Akhtar, Anurag Kashyap, Dibakar Banerjee"
tt0871510,8,2016-10-18,Chak De! India,https://www.imdb.com/title/tt0871510/,movie,8.2,153,2007,"Drama, Family, Sport",64764,2007-08-10,Shimit Amin
tt0087332,7,2019-01-04,Ghost Busters,https://www.imdb.com/title/tt0087332/,movie,7.8,105,1984,"Action, Comedy, Fantasy",316595,1984-06-07,Ivan Reitman
tt0087538,8,2017-02-08,The Karate Kid,https://www.imdb.com/title/tt0087538/,movie,7.2,126,1984,"Action, Drama, Family, Sport",154356,1984-06-22,John G. Avildsen
tt0088763,8,2018-01-04,Back to the Future,https://www.imdb.com/title/tt0088763/,movie,8.5,116,1985,"Adventure, Comedy, Sci-Fi",906237,1985-07-03,Robert Zemeckis
tt0887912,8,2016-04-27,The Hurt Locker,https://www.imdb.com/title/tt0887912/,movie,7.6,131,2008,"Drama, Thriller, War",384724,2008-09-04,Kathryn Bigelow
tt0088847,8,2016-04-27,The Breakfast Club,https://www.imdb.com/title/tt0088847/,movie,7.9,97,1985,"Comedy, Drama",310854,1985-02-07,John Hughes
tt0892769,9,2016-04-27,How to Train Your Dragon,https://www.imdb.com/title/tt0892769/,movie,8.1,98,2010,"Animation, Action, Adventure, Comedy, Family, Fantasy",590455,2010-03-18,"Chris Sanders, Dean DeBlois"
tt0903747,8,2016-10-18,Breaking Bad,https://www.imdb.com/title/tt0903747/,tvSeries,9.5,49,2008,"Crime, Drama, Thriller",1148218,2008-01-20,
tt0907657,8,2017-02-08,Once,https://www.imdb.com/title/tt0907657/,movie,7.9,86,2007,"Drama, Music, Romance",103702,2007-01-20,John Carney
tt9105088,7,2019-01-04,Kaksha Gyaarvi,https://www.imdb.com/title/tt9105088/,tvMovie,8.4,74,2018,Comedy,534,2018-11-23,Angshuman Ghosh
tt0910970,9,2016-04-27,WALL·E,https://www.imdb.com/title/tt0910970/,movie,8.4,98,2008,"Animation, Adventure, Family, Sci-Fi",881314,2008-06-21,Andrew Stanton
tt0093779,8,2017-11-04,The Princess Bride,https://www.imdb.com/title/tt0093779/,movie,8.1,98,1987,"Adventure, Family, Fantasy, Romance",349876,1987-09-18,Rob Reiner
tt0944947,9,2018-12-28,Game of Thrones,https://www.imdb.com/title/tt0944947/,tvSeries,9.5,57,2011,"Action, Adventure, Drama, Fantasy, Romance",1395733,2011-04-17,
tt0095953,9,2018-12-23,Rain Man,https://www.imdb.com/title/tt0095953/,movie,8.0,133,1988,Drama,433634,1988-12-12,Barry Levinson
tt0964517,8,2018-12-13,The Fighter,https://www.imdb.com/title/tt0964517/,movie,7.8,116,2010,"Biography, Drama, Sport",310791,2010-12-06,David O. Russell
tt0970179,8,2018-01-04,Hugo,https://www.imdb.com/title/tt0970179/,movie,7.5,126,2011,"Adventure, Drama, Family, Fantasy, Mystery, Romance",280029,2011-10-10,Martin Scorsese
tt0097165,10,2016-04-27,Dead Poets Society,https://www.imdb.com/title/tt0097165/,movie,8.1,128,1989,"Comedy, Drama",355592,1989-06-02,Peter Weir
tt0986264,8,2016-09-01,Taare Zameen Par,https://www.imdb.com/title/tt0986264/,movie,8.4,165,2007,"Drama, Family",135043,2007-12-21,"Aamir Khan, Amole Gupte"
tt0098635,8,2018-12-22,When Harry Met Sally...,https://www.imdb.com/title/tt0098635/,movie,7.6,95,1989,"Comedy, Drama, Romance",173606,1989-07-12,Rob Reiner
tt0993846,8,2016-04-27,The Wolf of Wall Street,https://www.imdb.com/title/tt0993846/,movie,8.2,180,2013,"Biography, Comedy, Crime, Drama",1001066,2013-12-17,Martin Scorsese
