,Your Rating,Date Rated,Title,URL,Title Type,IMDb Rating,Runtime (mins),Year,Genres,Num Votes,Release Date,Directors,Rated,Language,Country,Major_Awards,Metascore_binned,Box_office_binned,Cluster
tt1010048,8,2016-10-18,Slumdog Millionaire,https://www.imdb.com/title/tt1010048/,movie,8.0,120,2008,"Drama, Romance",774168,2008-08-30,"Loveleen Tandan, Danny Boyle",R,Multilingual/Foreign,UK,1,high,500Mil,60
tt1022603,9,2019-06-21,(500) Days of Summer,https://www.imdb.com/title/tt1022603/,movie,7.7,95,2009,"Comedy, Drama, Romance",457030,2009-01-17,Marc Webb,T,Multilingual/Foreign,USA,1,high,100Mil,60
tt1024648,7,2019-10-06,Argo,https://www.imdb.com/title/tt1024648/,movie,7.7,120,2012,"Biography, Drama, Thriller",555165,2012-08-31,Ben Affleck,R,Multilingual/Foreign,USA,1,high,500Mil,75
tt1028532,8,2016-09-01,Hachi: A Dog's Tale,https://www.imdb.com/title/tt1028532/,movie,8.1,93,2009,"Drama, Family",238914,2009-06-13,Lasse Hallstr�m,G,Multilingual/Foreign,UK,0,,,62
tt0102926,9,2019-03-19,The Silence of the Lambs,https://www.imdb.com/title/tt0102926/,movie,8.6,118,1991,"Crime, Drama, Thriller",1204991,1991-01-30,Jonathan Demme,R,Multilingual/Foreign,USA,1,high,,60
tt10324144,7,2019-08-23,Article 15,https://www.imdb.com/title/tt10324144/,movie,8.2,130,2019,"Crime, Drama",18028,2019-06-20,Anubhav Sinha,Not Rated,Hindi,India,0,,,22
tt1033575,8,2016-12-17,The Descendants,https://www.imdb.com/title/tt1033575/,movie,7.3,115,2011,"Comedy, Drama",227853,2011-09-02,Alexander Payne,R,English,USA,1,high,100Mil,14
tt0103939,8,2017-04-04,Chaplin,https://www.imdb.com/title/tt0103939/,movie,7.6,143,1992,"Biography, Comedy, Drama",51518,1992-12-16,Richard Attenborough,T,English,UK,1,mid,,75
tt1045658,8,2016-12-04,Silver Linings Playbook,https://www.imdb.com/title/tt1045658/,movie,7.7,122,2012,"Comedy, Drama, Romance",641752,2012-09-08,David O. Russell,R,English,USA,1,high,500Mil,79
tt1049413,8,2018-01-04,Up,https://www.imdb.com/title/tt1049413/,movie,8.2,96,2009,"Animation, Adventure, Comedy, Family",893381,2009-05-13,"Pete Docter, Bob Peterson",T,English,USA,1,high,500Mil,6
tt1059955,8,2019-10-30,The Pixar Story,https://www.imdb.com/title/tt1059955/,movie,7.8,88,2007,Documentary,5461,2007-08-28,Leslie Iwerks,G,English,USA,1,,,41
tt1074638,8,2019-10-08,Skyfall,https://www.imdb.com/title/tt1074638/,movie,7.7,143,2012,"Action, Adventure, Thriller",612699,2012-10-23,Sam Mendes,T,Multilingual/Foreign,UK,1,high,500Mil,61
tt0108052,10,2019-06-20,Schindler's List,https://www.imdb.com/title/tt0108052/,movie,8.9,195,1993,"Biography, Drama, History",1157748,1993-11-30,Steven Spielberg,R,Multilingual/Foreign,USA,1,high,,2
tt1093370,9,2018-06-13,Jab We Met,https://www.imdb.com/title/tt1093370/,movie,7.9,138,2007,"Comedy, Drama, Romance",44812,2007-10-26,Imtiaz Ali,Not Rated,Multilingual/Foreign,India,0,,,65
tt0109830,8,2019-08-23,Forrest Gump,https://www.imdb.com/title/tt0109830/,movie,8.8,142,1994,"Drama, Romance",1714906,1994-06-23,Robert Zemeckis,T,English,USA,1,high,500Mil,55
tt0110357,8,2019-07-02,The Lion King,https://www.imdb.com/title/tt0110357/,movie,8.5,88,1994,"Animation, Adventure, Drama, Family, Musical",897946,1994-06-12,"Rob Minkoff, Roger Allers",G,Multilingual/Foreign,USA,1,high,100Mil,84
tt1109624,7,2019-02-08,Paddington,https://www.imdb.com/title/tt1109624/,movie,7.2,95,2014,"Adventure, Comedy, Family, Fantasy",92182,2014-11-23,Paul King,T,English,UK,1,high,100Mil,24
tt0111161,9,2019-06-20,The Shawshank Redemption,https://www.imdb.com/title/tt0111161/,movie,9.3,142,1994,Drama,2222896,1994-09-10,Frank Darabont,R,English,USA,1,high,,60
tt0112471,8,2018-09-22,Before Sunrise,https://www.imdb.com/title/tt0112471/,movie,8.1,101,1995,"Drama, Romance",253787,1995-01-19,Richard Linklater,R,Multilingual/Foreign,USA,0,high,,89
tt0112573,8,2019-06-23,Braveheart,https://www.imdb.com/title/tt0112573/,movie,8.3,178,1995,"Biography, Drama, History, War",927607,1995-05-18,Mel Gibson,R,Multilingual/Foreign,USA,1,high,,75
tt0112697,7,2019-04-23,Clueless,https://www.imdb.com/title/tt0112697/,movie,6.8,97,1995,"Comedy, Romance",167885,1995-07-07,Amy Heckerling,T,Multilingual/Foreign,USA,0,high,,76
tt0114369,8,2019-07-02,Se7en,https://www.imdb.com/title/tt0114369/,movie,8.6,127,1995,"Crime, Drama, Mystery, Thriller",1368813,1995-09-15,David Fincher,R,English,USA,1,mid,,44
tt0114709,8,2017-12-11,Toy Story,https://www.imdb.com/title/tt0114709/,movie,8.3,81,1995,"Animation, Adventure, Comedy, Family, Fantasy",846964,1995-11-19,John Lasseter,G,English,USA,1,high,,38
tt1156398,8,2016-11-26,Zombieland,https://www.imdb.com/title/tt1156398/,movie,7.6,88,2009,"Adventure, Comedy, Horror, Sci-Fi",501456,2009-09-25,Ruben Fleischer,R,English,USA,0,high,100Mil,71
tt1179933,8,2016-09-01,10 Cloverfield Lane,https://www.imdb.com/title/tt1179933/,movie,7.2,103,2016,"Drama, Horror, Mystery, Sci-Fi, Thriller",276876,2016-03-08,Dan Trachtenberg,T,English,USA,0,high,100Mil,85
tt1187043,8,2016-04-27,3 Idiots,https://www.imdb.com/title/tt1187043/,movie,8.4,170,2009,"Comedy, Drama",321555,2009-12-23,Rajkumar Hirani,T,Multilingual/Foreign,India,0,high,10Mil,19
tt0118799,9,2018-01-01,La vita � bella,https://www.imdb.com/title/tt0118799/,movie,8.6,116,1997,"Comedy, Drama, Romance, War",590686,1997-12-20,Roberto Benigni,T,Multilingual/Foreign,Italy,1,mid,,11
tt0118884,7,2019-12-17,Contact,https://www.imdb.com/title/tt0118884/,movie,7.4,150,1997,"Drama, Mystery, Sci-Fi, Thriller",244387,1997-07-11,Robert Zemeckis,T,Multilingual/Foreign,USA,1,mid,,55
tt0119217,9,2019-10-12,Good Will Hunting,https://www.imdb.com/title/tt0119217/,movie,8.3,126,1997,"Drama, Romance",816598,1997-12-02,Gus Van Sant,R,English,USA,1,high,,60
tt1193138,8,2016-12-17,Up in the Air,https://www.imdb.com/title/tt1193138/,movie,7.4,109,2009,"Comedy, Drama, Romance",309916,2009-09-05,Jason Reitman,R,English,USA,1,high,100Mil,14
tt0120338,8,2018-09-22,Titanic,https://www.imdb.com/title/tt0120338/,movie,7.8,194,1997,"Drama, Romance",1003582,1997-11-01,James Cameron,T,Multilingual/Foreign,USA,1,high,,46
tt0120382,9,2016-09-01,The Truman Show,https://www.imdb.com/title/tt0120382/,movie,8.1,103,1998,"Comedy, Drama, Sci-Fi",886279,1998-06-01,Peter Weir,T,English,USA,1,high,,31
tt0120815,10,2016-04-27,Saving Private Ryan,https://www.imdb.com/title/tt0120815/,movie,8.6,169,1998,"Drama, War",1177511,1998-07-21,Steven Spielberg,R,Multilingual/Foreign,USA,1,high,,2
tt1211837,7,2018-07-11,Doctor Strange,https://www.imdb.com/title/tt1211837/,movie,7.5,115,2016,"Action, Adventure, Fantasy, Sci-Fi",562738,2016-10-13,Scott Derrickson,T,English,USA,1,high,,3
tt1216475,3,2019-10-13,Cars 2,https://www.imdb.com/title/tt1216475/,movie,6.1,106,2011,"Animation, Adventure, Comedy, Family, Sport",150562,2011-06-18,"Bradford Lewis, John Lasseter",G,Multilingual/Foreign,USA,1,mid,500Mil,84
tt1230165,8,2017-04-04,Rock On!!,https://www.imdb.com/title/tt1230165/,movie,7.8,145,2008,"Drama, Music",20000,2008-08-29,Abhishek Kapoor,Not Rated,Multilingual/Foreign,India,0,,,66
tt0128445,8,2017-11-28,Rushmore,https://www.imdb.com/title/tt0128445/,movie,7.7,93,1998,"Comedy, Drama",162979,1998-09-17,Wes Anderson,R,Multilingual/Foreign,USA,1,high,,7
tt1285016,8,2018-12-13,The Social Network,https://www.imdb.com/title/tt1285016/,movie,7.7,120,2010,"Biography, Drama",595282,2010-09-24,David Fincher,T,Multilingual/Foreign,USA,1,high,100Mil,44
tt1292703,8,2019-08-13,Oye Lucky! Lucky Oye!,https://www.imdb.com/title/tt1292703/,movie,7.7,125,2008,"Comedy, Crime, Drama",15398,2008-11-28,Dibakar Banerjee,T,Hindi,India,0,,1Mil,20
tt1306980,8,2016-12-04,50/50,https://www.imdb.com/title/tt1306980/,movie,7.6,100,2011,"Comedy, Drama, Romance",308523,2011-09-12,Jonathan Levine,R,English,USA,1,high,100Mil,51
tt1313104,8,2019-08-23,The Cove,https://www.imdb.com/title/tt1313104/,movie,8.4,92,2009,"Documentary, Biography, Crime, History, News",46345,2009-04-25,Louie Psihoyos,T,Multilingual/Foreign,USA,1,high,1Mil,68
tt1324059,8,2016-09-24,Wake Up Sid,https://www.imdb.com/title/tt1324059/,movie,7.6,138,2009,"Comedy, Drama, Romance",26406,2009-10-02,Ayan Mukherjee,T,Multilingual/Foreign,India,0,,1Mil,68
tt0133093,8,2019-06-28,The Matrix,https://www.imdb.com/title/tt0133093/,movie,8.7,136,1999,"Action, Sci-Fi",1597353,1999-03-24,"Lilly Wachowski, Lana Wachowski",R,English,USA,1,high,,60
tt1336608,6,2016-10-27,Rock of Ages,https://www.imdb.com/title/tt1336608/,movie,5.9,123,2012,"Comedy, Drama, Musical, Romance",71861,2012-06-13,Adam Shankman,T,English,USA,0,mid,100Mil,4
tt1345836,7,2016-04-27,The Dark Knight Rises,https://www.imdb.com/title/tt1345836/,movie,8.4,164,2012,"Action, Adventure",1453873,2012-07-16,Christopher Nolan,T,Multilingual/Foreign,UK,1,high,500Mil,15
tt1365519,6,2019-02-27,Tomb Raider,https://www.imdb.com/title/tt1365519/,movie,6.3,119,2018,"Action, Adventure, Fantasy, Thriller",180494,2018-03-02,Roar Uthaug,T,Multilingual/Foreign,UK,0,mid,,3
tt0137523,9,2019-01-07,Fight Club,https://www.imdb.com/title/tt0137523/,movie,8.8,139,1999,Drama,1771775,1999-09-10,David Fincher,R,English,USA,1,mid,,44
tt1375666,8,2019-08-23,Inception,https://www.imdb.com/title/tt1375666/,movie,8.8,148,2010,"Action, Adventure, Sci-Fi, Thriller",1949275,2010-07-08,Christopher Nolan,T,Multilingual/Foreign,USA,1,high,500Mil,15
tt1392190,9,2019-08-23,Mad Max: Fury Road,https://www.imdb.com/title/tt1392190/,movie,8.1,120,2015,"Action, Adventure, Sci-Fi, Thriller",832484,2015-05-07,George Miller,R,Multilingual/Foreign,Australia,1,high,500Mil,17
tt1424432,9,2016-04-21,Senna,https://www.imdb.com/title/tt1424432/,movie,8.5,106,2010,"Documentary, Biography, Sport",59969,2010-10-07,Asif Kapadia,T,Multilingual/Foreign,UK,1,high,10Mil,41
tt1431045,8,2016-04-27,Deadpool,https://www.imdb.com/title/tt1431045/,movie,8.0,108,2016,"Action, Adventure, Comedy, Sci-Fi",867007,2016-01-21,Tim Miller,R,English,USA,1,mid,500Mil,45
tt1434447,8,2016-12-17,Rocket Singh: Salesman of the Year,https://www.imdb.com/title/tt1434447/,movie,7.5,150,2009,"Comedy, Drama",17559,2009-12-10,Shimit Amin,Not Rated,Hindi,India,0,,,82
tt1453405,6,2019-08-23,Monsters University,https://www.imdb.com/title/tt1453405/,movie,7.3,104,2013,"Animation, Adventure, Comedy, Family, Fantasy",308027,2013-06-05,Dan Scanlon,G,English,USA,1,mid,500Mil,84
tt1457767,7,2016-10-18,The Conjuring,https://www.imdb.com/title/tt1457767/,movie,7.5,112,2013,"Horror, Mystery, Thriller",421602,2013-06-08,James Wan,R,Multilingual/Foreign,USA,0,high,500Mil,16
tt0146882,8,2019-02-07,High Fidelity,https://www.imdb.com/title/tt0146882/,movie,7.5,113,2000,"Comedy, Drama, Music, Romance",163278,2000-03-17,Stephen Frears,R,Multilingual/Foreign,UK,1,high,,9
tt1477834,5,2019-11-20,Aquaman,https://www.imdb.com/title/tt1477834/,movie,7.0,143,2018,"Action, Adventure, Fantasy, Sci-Fi",333629,2018-11-26,James Wan,T,Multilingual/Foreign,USA,0,mid,,16
tt1485796,7,2019-08-23,The Greatest Showman,https://www.imdb.com/title/tt1485796/,movie,7.6,105,2017,"Biography, Drama, Musical",218453,2017-12-20,Michael Gracey,T,English,USA,1,mid,500Mil,75
tt1504320,8,2016-04-27,The King's Speech,https://www.imdb.com/title/tt1504320/,movie,8.0,118,2010,"Biography, Drama, History",618436,2010-09-06,Tom Hooper,R,English,UK,1,high,500Mil,74
tt1517451,8,2019-11-15,A Star Is Born,https://www.imdb.com/title/tt1517451/,movie,7.7,136,2018,"Drama, Music, Romance",304647,2018-08-31,Bradley Cooper,R,English,USA,1,high,,14
tt1560220,6,2020-03-25,Zombieland: Double Tap,https://www.imdb.com/title/tt1560220/,movie,6.8,99,2019,"Action, Comedy, Horror",102699,2019-10-09,Ruben Fleischer,R,Multilingual/Foreign,USA,0,mid,,71
tt1562872,9,2019-10-12,Zindagi Na Milegi Dobara,https://www.imdb.com/title/tt1562872/,movie,8.1,155,2011,"Comedy, Drama",63035,2011-07-15,Zoya Akhtar,Not Rated,Multilingual/Foreign,India,0,,,50
tt1563738,7,2018-09-01,One Day,https://www.imdb.com/title/tt1563738/,movie,7.0,107,2011,"Drama, Romance",133081,2011-08-08,Lone Scherfig,T,English,USA,0,mid,100Mil,4
tt1570728,7,2017-03-29,"Crazy, Stupid, Love.",https://www.imdb.com/title/tt1570728/,movie,7.4,118,2011,"Comedy, Drama, Romance",454387,2011-07-19,"Glenn Ficarra, John Requa",T,English,USA,1,high,100Mil,14
tt1588173,6,2019-03-11,Warm Bodies,https://www.imdb.com/title/tt1588173/,movie,6.9,98,2013,"Comedy, Horror, Romance",213981,2013-01-16,Jonathan Levine,T,English,USA,0,mid,100Mil,51
tt1592281,8,2019-06-28,Take This Waltz,https://www.imdb.com/title/tt1592281/,movie,6.5,116,2011,"Comedy, Drama",26510,2011-09-10,Sarah Polley,R,English,Canada,0,high,10Mil,32
tt1596363,8,2016-04-27,The Big Short,https://www.imdb.com/title/tt1596363/,movie,7.8,130,2015,"Biography, Comedy, Drama, History",336667,2015-11-12,Adam McKay,R,English,USA,1,high,,75
tt1605783,8,2017-05-05,Midnight in Paris,https://www.imdb.com/title/tt1605783/,movie,7.7,96,2011,"Comedy, Fantasy, Romance",371308,2011-05-11,Woody Allen,T,Multilingual/Foreign,Spain,1,high,100Mil,36
tt1606389,6,2019-02-22,The Vow,https://www.imdb.com/title/tt1606389/,movie,6.8,104,2012,"Drama, Romance",179183,2012-02-06,Michael Sucsy,T,English,USA,0,mid,500Mil,4
tt1620620,8,2019-06-26,The Japanese Wife,https://www.imdb.com/title/tt1620620/,movie,7.6,105,2010,"Drama, Romance",2025,2010-04-09,Aparna Sen,Not Rated,Multilingual/Foreign,India,0,,,8
tt1629391,7,2019-01-08,Tere Bin Laden,https://www.imdb.com/title/tt1629391/,movie,7.2,95,2010,"Comedy, Drama",9952,2010-07-16,Abhishek Sharma,Not Rated,Multilingual/Foreign,India,0,,,8
tt1631867,9,2017-03-10,Edge of Tomorrow,https://www.imdb.com/title/tt1631867/,movie,7.9,113,2014,"Action, Adventure, Sci-Fi",574520,2014-05-28,Doug Liman,T,English,USA,0,high,100Mil,3
tt1638355,7,2019-10-06,The Man from U.N.C.L.E.,https://www.imdb.com/title/tt1638355/,movie,7.3,116,2015,"Action, Adventure, Comedy",255062,2015-08-02,Guy Ritchie,T,Multilingual/Foreign,USA,0,mid,100Mil,3
tt1639426,9,2016-09-01,Udaan,https://www.imdb.com/title/tt1639426/,movie,8.1,134,2010,Drama,40415,2010-05-19,Vikramaditya Motwane,Not Rated,Hindi,India,0,,1Mil,18
tt1646971,8,2016-12-17,How to Train Your Dragon 2,https://www.imdb.com/title/tt1646971/,movie,7.8,102,2014,"Animation, Action, Adventure, Family, Fantasy",293239,2014-05-16,Dean DeBlois,T,English,USA,1,high,500Mil,42
tt1655441,7,2019-08-23,The Age of Adaline,https://www.imdb.com/title/tt1655441/,movie,7.2,112,2015,"Drama, Fantasy, Romance",147123,2015-04-08,Lee Toland Krieger,T,Multilingual/Foreign,USA,0,mid,,4
tt1659337,7,2018-09-01,The Perks of Being a Wallflower,https://www.imdb.com/title/tt1659337/,movie,8.0,103,2012,"Drama, Romance",441045,2012-09-08,Stephen Chbosky,T,English,USA,0,high,100Mil,14
tt1663202,8,2016-09-01,The Revenant,https://www.imdb.com/title/tt1663202/,movie,8.0,156,2015,"Action, Adventure, Biography, Drama, History, Western",668003,2015-12-16,Alejandro G. I��rritu,R,Multilingual/Foreign,USA,1,high,,78
tt0166924,9,2019-07-08,Mulholland Dr.,https://www.imdb.com/title/tt0166924/,movie,8.0,147,2001,"Drama, Mystery, Thriller",304730,2001-05-16,David Lynch,R,Multilingual/Foreign,France,1,high,10Mil,27
tt1670345,6,2019-08-23,Now You See Me,https://www.imdb.com/title/tt1670345/,movie,7.3,115,2013,"Crime, Mystery, Thriller",575097,2013-05-21,Louis Leterrier,T,Multilingual/Foreign,USA,0,mid,500Mil,4
tt0169102,8,2016-09-01,Lagaan: Once Upon a Time in India,https://www.imdb.com/title/tt0169102/,movie,8.1,224,2001,"Adventure, Drama, Musical, Sport",99188,2001-06-15,Ashutosh Gowariker,T,Multilingual/Foreign,India,1,high,,63
tt0169547,8,2016-09-01,American Beauty,https://www.imdb.com/title/tt0169547/,movie,8.3,122,1999,Drama,1032018,1999-09-08,Sam Mendes,R,English,USA,1,high,,61
tt1714832,7,2016-10-18,Do Dooni Chaar,https://www.imdb.com/title/tt1714832/,movie,7.6,112,2010,"Comedy, Drama",4688,2010-10-08,Habib Faisal,T,Hindi,India,0,,,86
tt1727824,5,2019-08-23,Bohemian Rhapsody,https://www.imdb.com/title/tt1727824/,movie,8.0,134,2018,"Biography, Drama, Music",418705,2018-10-23,Bryan Singer,T,Multilingual/Foreign,UK,1,mid,,74
tt1734110,7,2019-08-23,No One Killed Jessica,https://www.imdb.com/title/tt1734110/,movie,7.2,136,2011,"Biography, Crime, Drama, Thriller",10429,2011-01-06,Raj Kumar Gupta,Not Rated,Multilingual/Foreign,India,0,,1Mil,68
tt1753383,7,2017-06-21,A Dog's Purpose,https://www.imdb.com/title/tt1753383/,movie,7.2,100,2017,"Adventure, Comedy, Drama, Family, Fantasy",61485,2017-01-19,Lasse Hallstr�m,T,English,USA,0,mid,100Mil,62
tt1772341,7,2019-08-23,Wreck-It Ralph,https://www.imdb.com/title/tt1772341/,movie,7.7,101,2012,"Animation, Adventure, Comedy, Family, Fantasy",364641,2012-11-01,Rich Moore,T,English,USA,1,high,500Mil,84
tt0178186,8,2019-06-25,Aandhi,https://www.imdb.com/title/tt0178186/,movie,8.1,133,1975,"Drama, Romance",1293,1975-02-13,Gulzar,Not Rated,Hindi,India,0,,,22
tt1798709,9,2016-10-18,Her,https://www.imdb.com/title/tt1798709/,movie,8.0,126,2013,"Drama, Romance, Sci-Fi",508227,2013-10-12,Spike Jonze,R,English,USA,1,high,100Mil,14
tt0181875,9,2015-06-17,Almost Famous,https://www.imdb.com/title/tt0181875/,movie,7.9,122,2000,"Adventure, Comedy, Drama, Music",242892,2000-09-08,Cameron Crowe,R,Multilingual/Foreign,USA,1,high,100Mil,1
tt1821480,8,2016-09-01,Kahaani,https://www.imdb.com/title/tt1821480/,movie,8.1,122,2012,"Mystery, Thriller",54598,2012-03-08,Sujoy Ghosh,Not Rated,Multilingual/Foreign,India,0,,10Mil,56
tt1839596,7,2016-09-01,Rockstar,https://www.imdb.com/title/tt1839596/,movie,7.7,159,2011,"Drama, Music, Musical, Romance",36872,2011-11-11,Imtiaz Ali,Not Rated,Hindi,India,0,,1Mil,65
tt1856101,9,2018-01-05,Blade Runner 2049,https://www.imdb.com/title/tt1856101/,movie,8.0,164,2017,"Action, Drama, Mystery, Sci-Fi, Thriller",424575,2017-10-03,Denis Villeneuve,R,Multilingual/Foreign,USA,1,high,,70
tt1878870,7,2017-02-04,The Edge of Seventeen,https://www.imdb.com/title/tt1878870/,movie,7.3,104,2016,"Comedy, Drama",96178,2016-09-16,Kelly Fremon Craig,R,English,USA,1,high,100Mil,14
tt1895587,9,2019-08-23,Spotlight,https://www.imdb.com/title/tt1895587/,movie,8.1,129,2015,"Biography, Crime, Drama",393982,2015-09-03,Tom McCarthy,R,English,USA,1,high,,75
tt1935859,7,2017-04-04,Miss Peregrine's Home for Peculiar Children,https://www.imdb.com/title/tt1935859/,movie,6.7,127,2016,"Adventure, Drama, Family, Fantasy, Thriller",148862,2016-09-25,Tim Burton,T,English,USA,0,mid,100Mil,29
tt1954470,8,2016-10-18,Gangs of Wasseypur,https://www.imdb.com/title/tt1954470/,movie,8.2,321,2012,"Action, Comedy, Crime, Drama, Thriller",74509,2012-05-22,Anurag Kashyap,Not Rated,Hindi,India,0,high,,87
tt1979320,9,2016-12-06,Rush,https://www.imdb.com/title/tt1979320/,movie,8.1,123,2013,"Biography, Drama, Sport",413676,2013-09-02,Ron Howard,R,Multilingual/Foreign,UK,1,high,100Mil,39
tt1980929,6,2019-09-27,Begin Again,https://www.imdb.com/title/tt1980929/,movie,7.4,104,2013,"Comedy, Drama, Music, Romance",136197,2013-09-07,John Carney,R,English,USA,1,mid,100Mil,34
tt1981677,6,2019-08-23,Pitch Perfect,https://www.imdb.com/title/tt1981677/,movie,7.2,112,2012,"Comedy, Music, Romance",266838,2012-09-28,Jason Moore,T,English,USA,0,mid,100Mil,4
tt0198781,8,2016-11-07,"Monsters, Inc.",https://www.imdb.com/title/tt0198781/,movie,8.0,92,2001,"Animation, Adventure, Comedy, Family, Fantasy",780557,2001-10-28,"Pete Docter, David Silverman, Lee Unkrich",G,English,USA,1,high,100Mil,6
tt2015381,7,2018-07-11,Guardians of the Galaxy,https://www.imdb.com/title/tt2015381/,movie,8.0,121,2014,"Action, Adventure, Comedy, Sci-Fi",1006782,2014-07-21,James Gunn,T,English,USA,1,high,500Mil,54
tt2042568,8,2018-05-12,Inside Llewyn Davis,https://www.imdb.com/title/tt2042568/,movie,7.5,104,2013,"Comedy, Drama, Music",131960,2013-05-19,"Ethan Coen, Joel Coen",R,English,USA,1,high,10Mil,64
tt2066051,6,2019-08-23,Rocketman,https://www.imdb.com/title/tt2066051/,movie,7.3,121,2019,"Biography, Drama, Music, Musical",108110,2019-05-16,Dexter Fletcher,R,English,UK,1,high,,75
tt2080374,8,2016-10-20,Steve Jobs,https://www.imdb.com/title/tt2080374/,movie,7.2,122,2015,"Biography, Drama",146598,2015-09-05,Danny Boyle,R,English,UK,1,high,100Mil,77
tt2084970,8,2019-01-08,The Imitation Game,https://www.imdb.com/title/tt2084970/,movie,8.0,114,2014,"Biography, Drama, Thriller, War",652411,2014-08-29,Morten Tyldum,T,Multilingual/Foreign,UK,1,high,,74
tt2096673,8,2016-09-01,Inside Out,https://www.imdb.com/title/tt2096673/,movie,8.2,95,2015,"Animation, Adventure, Comedy, Drama, Family, Fantasy",576718,2015-05-18,"Pete Docter, Ronnie Del Carmen",T,English,USA,1,high,500Mil,6
tt0211915,9,2016-04-27,Le fabuleux destin d'Am�lie Poulain,https://www.imdb.com/title/tt0211915/,movie,8.3,122,2001,"Comedy, Romance",679305,2001-04-25,Jean-Pierre Jeunet,R,Multilingual/Foreign,France,1,high,,27
tt0213847,8,2019-01-30,Mal�na,https://www.imdb.com/title/tt0213847/,movie,7.5,108,2000,"Comedy, Drama, Romance, War",85097,2000-10-26,Giuseppe Tornatore,R,Multilingual/Foreign,Italy,1,mid,,11
tt2139881,7,2019-07-20,Long Shot,https://www.imdb.com/title/tt2139881/,movie,6.9,125,2019,"Comedy, Romance",78981,2019-03-09,Jonathan Levine,R,Multilingual/Foreign,USA,0,high,,51
tt0021749,9,2018-12-26,City Lights,https://www.imdb.com/title/tt0021749/,movie,8.5,87,1931,"Comedy, Drama, Romance",157752,1931-01-30,Charles Chaplin,G,English,USA,0,high,,40
tt2194499,8,2017-09-20,About Time,https://www.imdb.com/title/tt2194499/,movie,7.8,123,2013,"Comedy, Drama, Fantasy, Romance, Sci-Fi",282794,2013-06-27,Richard Curtis,R,English,UK,0,mid,100Mil,9
tt2203308,6,2019-07-03,Aashiqui 2,https://www.imdb.com/title/tt2203308/,movie,7.0,132,2013,"Drama, Music, Musical, Romance",25390,2013-04-25,Mohit Suri,Not Rated,Hindi,India,0,,,86
tt2213054,8,2016-10-13,Kai po che!,https://www.imdb.com/title/tt2213054/,movie,7.6,120,2013,"Drama, Sport",25585,2013-02-13,Abhishek Kapoor,Not Rated,Hindi,India,0,mid,,66
tt2229499,7,2016-12-04,Don Jon,https://www.imdb.com/title/tt2229499/,movie,6.5,90,2013,"Comedy, Drama, Romance",223113,2013-01-18,Joseph Gordon-Levitt,R,English,USA,0,mid,,45
tt2266600,8,2016-09-28,Hemlock Society,https://www.imdb.com/title/tt2266600/,movie,7.4,135,2012,"Comedy, Drama, Romance",2546,2012-06-22,Srijit Mukherji,Not Rated,Multilingual/Foreign,India,0,,,8
tt2267998,8,2016-04-27,Gone Girl,https://www.imdb.com/title/tt2267998/,movie,8.1,149,2014,"Drama, Mystery, Thriller",811015,2014-09-26,David Fincher,R,English,USA,1,high,,44
tt2277860,7,2016-11-07,Finding Dory,https://www.imdb.com/title/tt2277860/,movie,7.3,97,2016,"Animation, Adventure, Comedy, Family",227724,2016-06-08,"Andrew Stanton, Angus MacLane",T,Multilingual/Foreign,USA,1,high,,37
tt2278388,9,2016-09-24,The Grand Budapest Hotel,https://www.imdb.com/title/tt2278388/,movie,8.1,99,2014,"Adventure, Comedy, Crime",671046,2014-02-06,Wes Anderson,R,Multilingual/Foreign,Germany,1,high,100Mil,7
tt2294629,6,2019-08-23,Frozen,https://www.imdb.com/title/tt2294629/,movie,7.5,102,2013,"Animation, Adventure, Comedy, Family, Fantasy, Musical",551552,2013-11-10,"Jennifer Lee, Chris Buck",T,Multilingual/Foreign,USA,1,high,500Mil,84
tt2317337,7,2019-08-23,Vicky Donor,https://www.imdb.com/title/tt2317337/,movie,7.8,126,2012,"Comedy, Romance",37545,2012-04-19,Shoojit Sircar,Not Rated,Multilingual/Foreign,India,0,,,59
tt2338151,7,2019-08-23,PK,https://www.imdb.com/title/tt2338151/,movie,8.1,153,2014,"Comedy, Drama, Fantasy",150789,2014-12-18,Rajkumar Hirani,Not Rated,Multilingual/Foreign,India,0,,10Mil,19
tt2361509,8,2016-04-21,The Intern,https://www.imdb.com/title/tt2361509/,movie,7.1,121,2015,"Comedy, Drama",205457,2015-09-15,Nancy Meyers,T,English,USA,0,mid,100Mil,4
tt2379713,7,2016-10-27,Spectre,https://www.imdb.com/title/tt2379713/,movie,6.8,148,2015,"Action, Adventure, Thriller",369911,2015-10-26,Sam Mendes,T,Multilingual/Foreign,UK,1,mid,500Mil,61
tt2380307,8,2018-12-24,Coco,https://www.imdb.com/title/tt2380307/,movie,8.4,105,2017,"Animation, Adventure, Family, Fantasy, Music, Mystery",332284,2017-10-20,"Adrian Molina, Lee Unkrich",T,Multilingual/Foreign,USA,1,high,500Mil,84
tt2381111,9,2016-04-22,Brooklyn,https://www.imdb.com/title/tt2381111/,movie,7.5,117,2015,"Drama, Romance",124483,2015-01-26,John Crowley,T,Multilingual/Foreign,UK,1,high,100Mil,14
tt2386490,8,2019-03-29,How to Train Your Dragon: The Hidden World,https://www.imdb.com/title/tt2386490/,movie,7.5,104,2019,"Animation, Action, Adventure, Family, Fantasy",91033,2019-01-03,Dean DeBlois,T,English,USA,1,high,,42
tt2395469,7,2019-10-06,Gully Boy,https://www.imdb.com/title/tt2395469/,movie,8.2,153,2019,"Drama, Musical",26236,2019-02-09,Zoya Akhtar,Not Rated,Hindi,India,0,mid,,50
tt2488496,7,2016-04-27,Star Wars: Episode VII - The Force Awakens,https://www.imdb.com/title/tt2488496/,movie,7.9,138,2015,"Action, Adventure, Sci-Fi",833061,2015-12-14,J.J. Abrams,T,English,USA,1,high,,3
tt2518788,9,2015-06-07,1,https://www.imdb.com/title/tt2518788/,movie,8.0,112,2013,"Documentary, History, Sport",3657,2013-09-19,Paul Crowder,Not Rated,English,USA,0,,,41
tt2527336,7,2019-08-23,Star Wars: Episode VIII - The Last Jedi,https://www.imdb.com/title/tt2527336/,movie,7.0,152,2017,"Action, Adventure, Fantasy, Sci-Fi",532880,2017-12-09,Rian Johnson,T,English,USA,1,high,,3
tt2543164,8,2017-02-04,Arrival,https://www.imdb.com/title/tt2543164/,movie,7.9,116,2016,"Drama, Mystery, Sci-Fi, Thriller",558588,2016-09-01,Denis Villeneuve,T,Multilingual/Foreign,USA,1,high,500Mil,70
tt2562232,8,2016-04-27,Birdman or (The Unexpected Virtue of Ignorance),https://www.imdb.com/title/tt2562232/,movie,7.7,119,2014,"Comedy, Drama",553192,2014-08-27,Alejandro G. I��rritu,R,English,USA,1,high,,78
tt2582802,9,2016-04-21,Whiplash,https://www.imdb.com/title/tt2582802/,movie,8.5,106,2014,"Drama, Music",669371,2014-01-16,Damien Chazelle,R,English,USA,1,high,,80
tt2621000,7,2016-09-28,Jolly LLB,https://www.imdb.com/title/tt2621000/,movie,7.5,135,2013,"Comedy, Drama",15838,2013-03-14,Subhash Kapoor,Not Rated,Hindi,India,0,,,88
tt0264464,8,2016-09-01,Catch Me If You Can,https://www.imdb.com/title/tt0264464/,movie,8.1,141,2002,"Biography, Crime, Drama",775554,2002-12-16,Steven Spielberg,T,Multilingual/Foreign,USA,1,high,500Mil,2
tt0265208,6,2017-02-08,The Girl Next Door,https://www.imdb.com/title/tt0265208/,movie,6.7,109,2004,"Comedy, Drama, Romance",195796,2004-02-18,Luke Greenfield,R,English,USA,0,mid,100Mil,45
tt0266543,8,2019-08-23,Finding Nemo,https://www.imdb.com/title/tt0266543/,movie,8.1,100,2003,"Animation, Adventure, Comedy, Family",911716,2003-05-30,"Andrew Stanton, Lee Unkrich",G,English,USA,1,high,500Mil,37
tt0268978,9,2019-08-23,A Beautiful Mind,https://www.imdb.com/title/tt0268978/,movie,8.2,135,2001,"Biography, Drama",811202,2001-12-13,Ron Howard,T,English,USA,1,high,,39
tt2704998,6,2019-07-27,Game Night,https://www.imdb.com/title/tt2704998/,movie,6.9,100,2018,"Action, Comedy, Crime, Mystery",187851,2018-02-15,"Jonathan Goldstein, John Francis Daley",R,English,USA,0,mid,100Mil,45
tt0272338,7,2019-11-20,Punch-Drunk Love,https://www.imdb.com/title/tt0272338/,movie,7.3,95,2002,"Comedy, Drama, Romance, Thriller",140672,2002-05-19,Paul Thomas Anderson,R,English,USA,1,high,100Mil,14
tt2788710,6,2016-04-21,The Interview,https://www.imdb.com/title/tt2788710/,movie,6.5,112,2014,"Action, Adventure, Comedy",296662,2014-12-11,"Evan Goldberg, Seth Rogen",R,Multilingual/Foreign,USA,0,mid,10Mil,45
tt2798920,7,2019-02-27,Annihilation,https://www.imdb.com/title/tt2798920/,movie,6.9,115,2018,"Adventure, Drama, Horror, Mystery, Sci-Fi, Thriller",259919,2018-02-13,Alex Garland,R,English,UK,0,high,,73
tt2806788,6,2018-10-26,Fukrey,https://www.imdb.com/title/tt2806788/,movie,6.9,139,2013,"Comedy, Drama, Romance",9942,2013-06-13,Mrighdeep Lamba,Not Rated,Hindi,India,0,,1Mil,68
tt2872718,8,2019-08-16,Nightcrawler,https://www.imdb.com/title/tt2872718/,movie,7.9,117,2014,"Crime, Drama, Thriller",435476,2014-09-05,Dan Gilroy,R,English,USA,1,high,,14
tt2911666,8,2019-01-08,John Wick,https://www.imdb.com/title/tt2911666/,movie,7.4,101,2014,"Action, Crime, Thriller",504259,2014-09-19,"David Leitch, Chad Stahelski",R,Multilingual/Foreign,USA,0,high,,3
tt2980516,8,2017-03-26,The Theory of Everything,https://www.imdb.com/title/tt2980516/,movie,7.7,123,2014,"Biography, Drama, Romance",381778,2014-09-07,James Marsh,T,Multilingual/Foreign,UK,1,high,100Mil,74
tt0298203,8,2017-04-01,8 Mile,https://www.imdb.com/title/tt0298203/,movie,7.1,110,2002,"Drama, Music",239858,2002-09-08,Curtis Hanson,R,English,USA,1,high,500Mil,14
tt3019620,7,2019-10-05,Titli,https://www.imdb.com/title/tt3019620/,movie,7.6,116,2014,"Action, Drama, Thriller",3885,2014-05-20,Kanu Behl,Not Rated,Hindi,India,0,,,0
tt3065204,6,2016-10-18,The Conjuring 2,https://www.imdb.com/title/tt3065204/,movie,7.3,134,2016,"Horror, Mystery, Thriller",212008,2016-05-13,James Wan,R,English,Canada,0,mid,500Mil,16
tt3104988,7,2019-01-08,Crazy Rich Asians,https://www.imdb.com/title/tt3104988/,movie,6.9,120,2018,"Comedy, Drama, Romance",122391,2018-08-07,Jon M. Chu,T,Multilingual/Foreign,USA,1,high,,3
tt3165612,7,2019-03-03,Sleeping with Other People,https://www.imdb.com/title/tt3165612/,movie,6.5,101,2015,"Comedy, Drama, Romance",38360,2015-01-24,Leslye Headland,R,English,USA,0,mid,,45
tt3170832,8,2019-08-23,Room,https://www.imdb.com/title/tt3170832/,movie,8.1,118,2015,"Drama, Thriller",344428,2015-09-04,Lenny Abrahamson,R,English,Ireland,1,high,100Mil,48
tt0317219,7,2016-11-07,Cars,https://www.imdb.com/title/tt0317219/,movie,7.1,117,2006,"Animation, Comedy, Family, Sport",350097,2006-03-14,"John Lasseter, Joe Ranft",G,Multilingual/Foreign,USA,1,high,500Mil,38
tt0317705,8,2016-11-07,The Incredibles,https://www.imdb.com/title/tt0317705/,movie,8.0,115,2004,"Animation, Action, Adventure, Family",632459,2004-10-27,Brad Bird,T,Multilingual/Foreign,USA,1,high,,21
tt3183660,7,2016-11-19,Fantastic Beasts and Where to Find Them,https://www.imdb.com/title/tt3183660/,movie,7.3,132,2016,"Adventure, Family, Fantasy",389428,2016-11-08,David Yates,T,Multilingual/Foreign,UK,1,mid,,1
tt0032553,9,2016-04-27,The Great Dictator,https://www.imdb.com/title/tt0032553/,movie,8.4,125,1940,"Comedy, Drama, War",192173,1940-10-15,Charles Chaplin,Not Rated,Multilingual/Foreign,USA,1,,,40
tt3315342,8,2017-03-06,Logan,https://www.imdb.com/title/tt3315342/,movie,8.1,137,2017,"Action, Drama, Sci-Fi, Thriller",609880,2017-02-17,James Mangold,R,Multilingual/Foreign,USA,1,high,,3
tt3322420,8,2016-10-18,Queen,https://www.imdb.com/title/tt3322420/,movie,8.2,146,2013,"Comedy, Drama",57648,2013-09-30,Vikas Bahl,Not Rated,Multilingual/Foreign,India,0,,,47
tt0332379,8,2018-08-24,The School of Rock,https://www.imdb.com/title/tt0332379/,movie,7.1,109,2003,"Comedy, Music",256659,2003-09-09,Richard Linklater,T,English,USA,1,high,100Mil,89
tt0333766,6,2019-08-09,Garden State,https://www.imdb.com/title/tt0333766/,movie,7.4,102,2004,"Comedy, Drama, Romance",203876,2004-01-16,Zach Braff,R,Multilingual/Foreign,USA,0,high,100Mil,45
tt0335266,8,2016-08-01,Lost in Translation,https://www.imdb.com/title/tt0335266/,movie,7.7,102,2003,"Drama, Romance",393430,2003-08-29,Sofia Coppola,R,Multilingual/Foreign,USA,1,high,100Mil,14
tt0338013,9,2016-04-27,Eternal Sunshine of the Spotless Mind,https://www.imdb.com/title/tt0338013/,movie,8.3,108,2004,"Drama, Romance, Sci-Fi",869343,2004-03-09,Michel Gondry,R,English,USA,1,high,100Mil,14
tt0343660,6,2018-09-01,50 First Dates,https://www.imdb.com/title/tt0343660/,movie,6.8,99,2004,"Comedy, Drama, Romance",315328,2004-02-03,Peter Segal,T,Multilingual/Foreign,USA,0,mid,500Mil,4
tt3447364,8,2016-06-08,Detective Byomkesh Bakshy!,https://www.imdb.com/title/tt3447364/,movie,7.6,139,2015,"Action, Mystery, Thriller",15080,2015-04-02,Dibakar Banerjee,Not Rated,Multilingual/Foreign,India,0,,1Mil,20
tt3544112,9,2018-12-28,Sing Street,https://www.imdb.com/title/tt3544112/,movie,7.9,106,2016,"Comedy, Drama, Music, Romance",80323,2016-01-24,John Carney,T,Multilingual/Foreign,Ireland,1,high,10Mil,34
tt3606752,7,2017-10-24,Cars 3,https://www.imdb.com/title/tt3606752/,movie,6.7,102,2017,"Animation, Adventure, Comedy, Family, Sport",68070,2017-06-10,Brian Fee,G,English,USA,0,mid,500Mil,84
tt3606756,7,2019-08-23,Incredibles 2,https://www.imdb.com/title/tt3606756/,movie,7.6,118,2018,"Animation, Action, Adventure, Comedy, Family, Sci-Fi",230769,2018-06-05,Brad Bird,T,English,USA,1,high,,21
tt0361748,9,2019-01-08,Inglourious Basterds,https://www.imdb.com/title/tt0361748/,movie,8.3,153,2009,"Adventure, Drama, War",1199785,2009-05-20,Quentin Tarantino,R,Multilingual/Foreign,Germany,1,high,500Mil,30
tt0365748,8,2016-11-26,Shaun of the Dead,https://www.imdb.com/title/tt0365748/,movie,7.9,99,2004,"Comedy, Horror",493773,2004-03-29,Edgar Wright,R,English,UK,0,high,100Mil,67
tt3659388,8,2016-04-27,The Martian,https://www.imdb.com/title/tt3659388/,movie,8.0,144,2015,"Adventure, Drama, Sci-Fi",723666,2015-09-11,Ridley Scott,T,Multilingual/Foreign,UK,1,high,500Mil,53
tt0367110,9,2019-01-10,"Swades: We, the People",https://www.imdb.com/title/tt0367110/,movie,8.2,210,2004,Drama,78616,2004-12-17,Ashutosh Gowariker,Not Rated,Multilingual/Foreign,India,0,,,63
tt0367594,7,2017-04-04,Charlie and the Chocolate Factory,https://www.imdb.com/title/tt0367594/,movie,6.6,115,2005,"Adventure, Comedy, Family, Fantasy, Musical",407958,2005-07-10,Tim Burton,T,English,UK,1,high,500Mil,29
tt0369610,6,2019-08-23,Jurassic World,https://www.imdb.com/title/tt0369610/,movie,7.0,124,2015,"Action, Adventure, Sci-Fi",560155,2015-05-29,Colin Trevorrow,T,English,USA,0,mid,,3
tt0371724,7,2019-08-23,The Hitchhiker's Guide to the Galaxy,https://www.imdb.com/title/tt0371724/,movie,6.8,109,2005,"Adventure, Comedy, Sci-Fi",182148,2005-04-20,Garth Jennings,T,English,UK,0,mid,100Mil,1
tt3731562,7,2018-03-02,Kong: Skull Island,https://www.imdb.com/title/tt3731562/,movie,6.6,118,2017,"Action, Adventure, Fantasy, Sci-Fi",255950,2017-02-28,Jordan Vogt-Roberts,T,Multilingual/Foreign,USA,1,mid,,3
tt0373469,8,2017-04-21,Kiss Kiss Bang Bang,https://www.imdb.com/title/tt0373469/,movie,7.5,103,2005,"Action, Comedy, Crime, Mystery, Thriller",208466,2005-05-14,Shane Black,R,English,USA,0,high,10Mil,57
tt3741834,7,2017-10-02,Lion,https://www.imdb.com/title/tt3741834/,movie,8.0,118,2016,"Biography, Drama",199010,2016-09-10,Garth Davis,T,Multilingual/Foreign,UK,1,high,100Mil,74
tt0374887,9,2016-09-01,Munna Bhai M.B.B.S.,https://www.imdb.com/title/tt0374887/,movie,8.1,156,2003,"Comedy, Drama, Musical",69412,2003-12-19,Rajkumar Hirani,Not Rated,Hindi,India,0,,,19
tt3767372,8,2016-10-18,Piku,https://www.imdb.com/title/tt3767372/,movie,7.6,123,2015,"Comedy, Drama",26538,2015-05-07,Shoojit Sircar,Not Rated,Multilingual/Foreign,India,0,,10Mil,59
tt0377092,7,2019-04-23,Mean Girls,https://www.imdb.com/title/tt0377092/,movie,7.0,97,2004,Comedy,317132,2004-04-19,Mark Waters,T,Multilingual/Foreign,USA,0,mid,100Mil,4
tt3783958,8,2017-05-31,La La Land,https://www.imdb.com/title/tt3783958/,movie,8.0,128,2016,"Comedy, Drama, Music, Musical, Romance",472887,2016-08-31,Damien Chazelle,T,English,USA,1,high,500Mil,80
tt0379786,7,2019-08-23,Serenity,https://www.imdb.com/title/tt0379786/,movie,7.8,119,2005,"Action, Adventure, Sci-Fi, Thriller",277037,2005-08-22,Joss Whedon,T,Multilingual/Foreign,USA,0,high,100Mil,3
tt3799694,8,2016-10-18,The Nice Guys,https://www.imdb.com/title/tt3799694/,movie,7.4,116,2016,"Action, Comedy, Crime, Mystery, Thriller",260098,2016-05-10,Shane Black,R,Multilingual/Foreign,USA,0,high,100Mil,57
tt0382932,9,2016-11-07,Ratatouille,https://www.imdb.com/title/tt0382932/,movie,8.0,111,2007,"Animation, Adventure, Comedy, Drama, Family, Fantasy",612381,2007-06-22,"Brad Bird, Jan Pinkava",G,Multilingual/Foreign,USA,1,high,500Mil,21
tt3850214,7,2017-06-25,Dope,https://www.imdb.com/title/tt3850214/,movie,7.2,103,2015,"Comedy, Crime, Drama",78705,2015-01-24,Rick Famuyiwa,R,Multilingual/Foreign,USA,0,high,100Mil,45
tt3859980,6,2019-08-23,Mohenjo Daro,https://www.imdb.com/title/tt3859980/,movie,5.7,155,2016,"Action, Adventure, Drama, History",10042,2016-08-11,Ashutosh Gowariker,Not Rated,Hindi,India,0,mid,10Mil,63
tt3863552,7,2019-05-23,Bajrangi Bhaijaan,https://www.imdb.com/title/tt3863552/,movie,8.0,163,2015,"Action, Comedy, Drama",67802,2015-07-15,Kabir Khan,Not Rated,Multilingual/Foreign,India,0,,,8
tt3890160,9,2017-09-20,Baby Driver,https://www.imdb.com/title/tt3890160/,movie,7.6,113,2017,"Action, Crime, Drama, Music, Thriller",406064,2017-03-11,Edgar Wright,R,Multilingual/Foreign,UK,1,high,500Mil,67
tt3896198,6,2019-08-23,Guardians of the Galaxy Vol. 2,https://www.imdb.com/title/tt3896198/,movie,7.6,136,2017,"Action, Adventure, Comedy, Sci-Fi",533615,2017-04-10,James Gunn,T,English,USA,1,high,,54
tt4034228,8,2017-01-27,Manchester by the Sea,https://www.imdb.com/title/tt4034228/,movie,7.8,137,2016,Drama,231364,2016-01-23,Kenneth Lonergan,R,English,USA,1,high,,14
tt4052882,7,2016-09-12,The Shallows,https://www.imdb.com/title/tt4052882/,movie,6.3,86,2016,"Drama, Horror, Thriller",114026,2016-06-21,Jaume Collet-Serra,T,Multilingual/Foreign,USA,0,mid,,4
tt4110568,7,2019-06-19,Dil Dhadakne Do,https://www.imdb.com/title/tt4110568/,movie,6.8,170,2015,"Comedy, Drama, Romance",13727,2015-06-04,Zoya Akhtar,Not Rated,Hindi,India,0,,,50
tt4154796,8,2019-11-20,Avengers: Endgame,https://www.imdb.com/title/tt4154796/,movie,8.4,181,2019,"Action, Adventure, Drama, Sci-Fi",699923,2019-04-22,"Anthony Russo, Joe Russo",T,Multilingual/Foreign,USA,1,high,,3
tt4160708,7,2016-11-13,Don't Breathe,https://www.imdb.com/title/tt4160708/,movie,7.1,88,2016,"Crime, Horror, Thriller",204942,2016-03-12,Fede Alvarez,R,English,USA,0,high,100Mil,14
tt4169250,6,2019-08-23,M.S. Dhoni: The Untold Story,https://www.imdb.com/title/tt4169250/,movie,7.7,184,2016,"Biography, Drama, Sport",30235,2016-09-29,Neeraj Pandey,Not Rated,Hindi,India,0,,10Mil,86
tt0420293,7,2017-07-30,The Stanford Prison Experiment,https://www.imdb.com/title/tt0420293/,movie,6.9,122,2015,"Biography, Drama, History, Thriller",34851,2015-01-26,Kyle Patrick Alvarez,R,English,USA,0,high,,75
tt0434409,8,2016-04-27,V for Vendetta,https://www.imdb.com/title/tt0434409/,movie,8.2,132,2005,"Action, Drama, Sci-Fi, Thriller",991012,2005-12-11,James McTeigue,R,English,USA,0,mid,100Mil,45
tt4354792,7,2019-08-23,Jai Ho,https://www.imdb.com/title/tt4354792/,movie,7.7,60,2015,"Documentary, Biography, Music",37,2015-10-22,"Deepak Gattani, Umesh Aggarwal",Not Rated,English,India,0,,,41
tt0437086,6,2019-08-23,Alita: Battle Angel,https://www.imdb.com/title/tt0437086/,movie,7.3,122,2019,"Action, Adventure, Sci-Fi, Thriller",202483,2019-02-05,Robert Rodriguez,T,Multilingual/Foreign,USA,0,mid,,3
tt4385888,8,2017-05-05,20th Century Women,https://www.imdb.com/title/tt4385888/,movie,7.3,119,2016,"Comedy, Drama",36585,2016-10-08,Mike Mills,R,English,USA,1,high,10Mil,14
tt0043972,8,2019-07-07,The River,https://www.imdb.com/title/tt0043972/,movie,7.5,99,1951,"Drama, Romance",5325,1951-08-30,Jean Renoir,Not Rated,Multilingual/Foreign,France,1,,,27
tt4425200,8,2019-01-08,John Wick: Chapter 2,https://www.imdb.com/title/tt4425200/,movie,7.5,122,2017,"Action, Crime, Thriller",339358,2017-01-30,Chad Stahelski,R,Multilingual/Foreign,Hong Kong,0,high,,35
tt4434004,7,2019-06-29,Udta Punjab,https://www.imdb.com/title/tt4434004/,movie,7.8,148,2016,"Action, Crime, Drama",24963,2016-06-17,Abhishek Chaubey,R,Multilingual/Foreign,India,0,,,8
tt0446029,8,2016-11-26,Scott Pilgrim vs. the World,https://www.imdb.com/title/tt0446029/,movie,7.5,112,2010,"Action, Comedy, Fantasy, Romance",357905,2010-07-27,Edgar Wright,T,English,USA,0,high,100Mil,67
tt4468740,8,2019-07-01,Paddington 2,https://www.imdb.com/title/tt4468740/,movie,7.8,103,2017,"Adventure, Comedy, Family, Fantasy",55209,2017-11-05,Paul King,T,English,UK,1,high,,24
tt0448115,7,2019-04-06,Shazam!,https://www.imdb.com/title/tt0448115/,movie,7.1,132,2019,"Action, Adventure, Comedy, Fantasy",226123,2019-03-25,David F. Sandberg,T,Multilingual/Foreign,USA,0,high,,3
tt0449059,8,2019-07-02,Little Miss Sunshine,https://www.imdb.com/title/tt0449059/,movie,7.8,101,2006,"Comedy, Drama",424692,2006-01-20,"Jonathan Dayton, Valerie Faris",R,English,USA,1,high,100Mil,14
tt0451279,7,2017-07-02,Wonder Woman,https://www.imdb.com/title/tt0451279/,movie,7.4,141,2017,"Action, Adventure, Fantasy, Sci-Fi, War",523786,2017-05-15,Patty Jenkins,T,Multilingual/Foreign,USA,0,high,,3
tt0453729,9,2019-08-23,Iqbal,https://www.imdb.com/title/tt0453729/,movie,8.1,132,2005,"Drama, Sport",15213,2005-08-26,Nagesh Kukunoor,Not Rated,Hindi,India,0,,,22
tt4540710,7,2017-03-21,Miss Sloane,https://www.imdb.com/title/tt4540710/,movie,7.5,132,2016,"Drama, Thriller",59093,2016-11-11,John Madden,R,English,France,1,mid,10Mil,27
tt0454876,8,2019-02-21,Life of Pi,https://www.imdb.com/title/tt0454876/,movie,7.9,127,2012,"Adventure, Drama, Fantasy",559772,2012-09-28,Ang Lee,T,Multilingual/Foreign,USA,1,high,500Mil,1
tt4550098,8,2017-01-04,Nocturnal Animals,https://www.imdb.com/title/tt4550098/,movie,7.5,116,2016,"Drama, Thriller",222406,2016-09-02,Tom Ford,R,English,USA,1,high,100Mil,14
tt0456144,8,2016-10-06,Lage Raho Munna Bhai,https://www.imdb.com/title/tt0456144/,movie,8.1,144,2006,"Comedy, Drama, Romance",40661,2006-09-01,Rajkumar Hirani,T,Hindi,India,0,,,19
tt0458352,8,2018-09-01,The Devil Wears Prada,https://www.imdb.com/title/tt0458352/,movie,6.9,109,2006,"Comedy, Drama",355401,2006-06-19,David Frankel,T,Multilingual/Foreign,USA,1,mid,500Mil,83
tt4633694,8,2019-02-21,Spider-Man: Into the Spider-Verse,https://www.imdb.com/title/tt4633694/,movie,8.4,117,2018,"Animation, Action, Adventure, Family, Sci-Fi",310265,2018-12-06,"Bob Persichetti, Peter Ramsey, Rodney Rothman",T,Multilingual/Foreign,USA,1,high,,84
tt4635372,8,2018-06-08,Masaan,https://www.imdb.com/title/tt4635372/,movie,8.1,109,2015,Drama,21056,2015-05-19,Neeraj Ghaywan,Not Rated,Hindi,India,0,,,22
tt0466460,9,2016-09-01,Khosla Ka Ghosla!,https://www.imdb.com/title/tt0466460/,movie,8.3,135,2006,"Comedy, Crime, Drama",21109,2006-09-22,Dibakar Banerjee,Not Rated,Hindi,India,0,,,20
tt0468569,9,2016-04-27,The Dark Knight,https://www.imdb.com/title/tt0468569/,movie,9.0,152,2008,"Action, Crime, Drama, Thriller",2197573,2008-07-14,Christopher Nolan,T,Multilingual/Foreign,USA,1,high,,15
tt0470752,9,2016-10-18,Ex Machina,https://www.imdb.com/title/tt0470752/,movie,7.7,108,2014,"Drama, Mystery, Sci-Fi, Thriller",450202,2014-12-16,Alex Garland,R,English,UK,1,high,100Mil,73
tt0477348,8,2019-08-23,No Country for Old Men,https://www.imdb.com/title/tt0477348/,movie,8.1,122,2007,"Crime, Drama, Thriller",809910,2007-05-19,"Ethan Coen, Joel Coen",R,Multilingual/Foreign,USA,1,high,100Mil,64
tt0482571,8,2016-11-01,The Prestige,https://www.imdb.com/title/tt0482571/,movie,8.5,130,2006,"Drama, Mystery, Sci-Fi, Thriller",1126910,2006-10-17,Christopher Nolan,T,English,USA,1,mid,100Mil,15
tt0048473,9,2016-09-01,Pather Panchali,https://www.imdb.com/title/tt0048473/,movie,8.6,125,1955,Drama,20749,1955-08-26,Satyajit Ray,Not Rated,Multilingual/Foreign,India,1,,,23
tt4875844,8,2017-03-03,The 24 Hour War,https://www.imdb.com/title/tt4875844/,movie,7.2,99,2016,"Documentary, History",1529,2016-12-31,"Adam Carolla, Nate Adams",Not Rated,English,USA,0,,,41
tt0048956,8,2018-12-24,Aparajito,https://www.imdb.com/title/tt0048956/,movie,8.3,110,1956,Drama,10364,1956-10-11,Satyajit Ray,Not Rated,Multilingual/Foreign,India,1,,,23
tt4900716,7,2016-10-18,Kapoor & Sons,https://www.imdb.com/title/tt4900716/,movie,7.7,132,2016,"Comedy, Drama, Romance",21421,2016-03-17,Shakun Batra,Not Rated,Hindi,India,0,,,0
tt4925292,8,2019-01-08,Lady Bird,https://www.imdb.com/title/tt4925292/,movie,7.4,94,2017,"Comedy, Drama",212909,2017-09-01,Greta Gerwig,R,Multilingual/Foreign,USA,1,high,,14
tt0493949,7,2017-03-29,Ramona and Beezus,https://www.imdb.com/title/tt0493949/,movie,6.5,104,2010,"Comedy, Drama, Family, Fantasy",16652,2010-07-23,Elizabeth Allen Rosenbaum,G,English,USA,0,mid,100Mil,45
tt4975722,9,2017-01-27,Moonlight,https://www.imdb.com/title/tt4975722/,movie,7.4,111,2016,Drama,252712,2016-09-02,Barry Jenkins,R,English,USA,1,high,100Mil,81
tt0499549,7,2019-06-21,Avatar,https://www.imdb.com/title/tt0499549/,movie,7.8,162,2009,"Action, Adventure, Fantasy, Sci-Fi",1086765,2009-12-10,James Cameron,T,Multilingual/Foreign,USA,1,high,,46
tt5013056,8,2017-12-26,Dunkirk,https://www.imdb.com/title/tt5013056/,movie,7.9,106,2017,"Action, Drama, History, Thriller, War",511495,2017-07-13,Christopher Nolan,T,Multilingual/Foreign,UK,1,high,,15
tt5027774,8,2019-07-02,"Three Billboards Outside Ebbing, Missouri",https://www.imdb.com/title/tt5027774/,movie,8.2,115,2017,"Comedy, Crime, Drama",393258,2017-09-04,Martin McDonagh,R,English,UK,1,high,100Mil,9
tt5052448,8,2017-12-28,Get Out,https://www.imdb.com/title/tt5052448/,movie,7.7,104,2017,"Horror, Mystery, Thriller",454341,2017-01-23,Jordan Peele,R,English,USA,1,high,500Mil,72
tt5074352,7,2019-06-21,Dangal,https://www.imdb.com/title/tt5074352/,movie,8.4,161,2016,"Action, Biography, Drama, Sport",139613,2016-12-21,Nitesh Tiwari,Not Rated,Multilingual/Foreign,India,0,,100Mil,8
tt5083738,7,2019-03-08,The Favourite,https://www.imdb.com/title/tt5083738/,movie,7.6,119,2018,"Biography, Comedy, Drama, History",154670,2018-08-30,Yorgos Lanthimos,R,English,Ireland,1,high,,48
tt0050870,10,2019-07-02,Pyaasa,https://www.imdb.com/title/tt0050870/,movie,8.5,146,1957,"Drama, Musical, Romance",4951,1957-02-19,Guru Dutt,Not Rated,Hindi,India,0,,,22
tt5104604,8,2019-01-08,Isle of Dogs,https://www.imdb.com/title/tt5104604/,movie,7.9,101,2018,"Animation, Adventure, Comedy, Drama, Fantasy, Sci-Fi",126458,2018-02-15,Wes Anderson,T,Multilingual/Foreign,Germany,1,high,,7
tt5164432,7,2018-08-17,"Love, Simon",https://www.imdb.com/title/tt5164432/,movie,7.6,110,2018,"Comedy, Drama, Romance",90567,2018-02-27,Greg Berlanti,T,Multilingual/Foreign,USA,0,high,,3
tt0051792,9,2019-06-21,Jalsaghar,https://www.imdb.com/title/tt0051792/,movie,8.0,100,1958,"Drama, Music",4761,1958-10-10,Satyajit Ray,Not Rated,Multilingual/Foreign,India,0,,,23
tt0052357,9,2019-06-21,Vertigo,https://www.imdb.com/title/tt0052357/,movie,8.3,128,1958,"Mystery, Romance, Thriller",341466,1958-05-09,Alfred Hitchcock,T,English,USA,1,high,,26
tt0052572,8,2019-02-21,Apur Sansar,https://www.imdb.com/title/tt0052572/,movie,8.5,105,1959,Drama,10657,1959-05-01,Satyajit Ray,Not Rated,Multilingual/Foreign,India,1,,,23
tt5278460,7,2019-08-23,Audrie & Daisy,https://www.imdb.com/title/tt5278460/,movie,7.2,95,2016,Documentary,5034,2016-01-25,"Bonni Cohen, Jon Shenk",Not Rated,English,USA,0,high,,41
tt5286444,7,2019-08-23,Neerja,https://www.imdb.com/title/tt5286444/,movie,7.7,122,2016,"Biography, Drama, Thriller",19703,2016-02-19,Ram Madhvani,Not Rated,Multilingual/Foreign,India,0,,,8
tt0052954,9,2019-07-05,Kaagaz Ke Phool,https://www.imdb.com/title/tt0052954/,movie,8.0,148,1959,Romance,1882,1959-01-02,Guru Dutt,Not Rated,Hindi,India,0,,,33
tt5311514,9,2019-02-22,Kimi no na wa.,https://www.imdb.com/title/tt5311514/,movie,8.4,106,2016,"Animation, Drama, Fantasy, Romance",164703,2016-07-03,Makoto Shinkai,T,Multilingual/Foreign,Japan,0,high,10Mil,25
tt5461944,7,2019-06-30,Hotel Mumbai,https://www.imdb.com/title/tt5461944/,movie,7.6,123,2018,"Action, Drama, History, Thriller",44230,2018-09-07,Anthony Maras,R,Multilingual/Foreign,Australia,0,mid,,17
tt5462602,8,2017-09-27,The Big Sick,https://www.imdb.com/title/tt5462602/,movie,7.5,120,2017,"Comedy, Drama, Romance",113455,2017-01-20,Michael Showalter,R,Multilingual/Foreign,USA,1,high,100Mil,14
tt5571734,9,2019-10-05,Pink,https://www.imdb.com/title/tt5571734/,movie,8.1,136,2016,"Drama, Thriller",35592,2016-09-16,Aniruddha Roy Chowdhury,Not Rated,Multilingual/Foreign,India,0,,,8
tt5649144,8,2019-06-22,The Florida Project,https://www.imdb.com/title/tt5649144/,movie,7.6,111,2017,Drama,83517,2017-05-22,Sean Baker,R,Multilingual/Foreign,USA,1,high,,14
tt0057012,8,2019-08-23,Dr. Strangelove or: How I Learned to Stop Worrying and Love the Bomb,https://www.imdb.com/title/tt0057012/,movie,8.4,95,1964,Comedy,432882,1964-01-29,Stanley Kubrick,T,Multilingual/Foreign,UK,1,high,,49
tt5726616,8,2019-01-18,Call Me by Your Name,https://www.imdb.com/title/tt5726616/,movie,7.9,132,2017,"Drama, Romance",185917,2017-01-22,Luca Guadagnino,R,Multilingual/Foreign,Italy,1,high,,11
tt5764096,8,2017-06-23,Hindi Medium,https://www.imdb.com/title/tt5764096/,movie,7.8,132,2017,"Comedy, Drama",19731,2017-05-18,Saket Chaudhary,Not Rated,Hindi,India,0,,,0
tt5884052,6,2019-06-02,Pok�mon Detective Pikachu,https://www.imdb.com/title/tt5884052/,movie,6.6,104,2019,"Adventure, Comedy, Family, Mystery, Sci-Fi",122222,2019-05-02,Rob Letterman,T,English,USA,0,mid,,1
tt5935704,6,2019-08-23,Padmaavat,https://www.imdb.com/title/tt5935704/,movie,7.0,164,2018,"Drama, History, Romance, War",25647,2018-01-25,Sanjay Leela Bhansali,Not Rated,Multilingual/Foreign,India,0,mid,,8
tt5952332,7,2019-08-23,Amanda Knox,https://www.imdb.com/title/tt5952332/,movie,6.9,92,2016,"Documentary, Crime",19225,2016-09-10,"Rod Blackhurst, Brian McGinn",R,Multilingual/Foreign,Denmark,1,high,,10
tt0059742,8,2019-08-23,The Sound of Music,https://www.imdb.com/title/tt0059742/,movie,8.0,172,1965,"Biography, Drama, Family, Musical, Romance",194658,1965-03-02,Robert Wise,G,Multilingual/Foreign,USA,1,mid,,75
tt5982852,6,2017-06-23,Jolly LLB 2,https://www.imdb.com/title/tt5982852/,movie,7.2,137,2017,"Comedy, Drama",20604,2017-02-09,Subhash Kapoor,Not Rated,Multilingual/Foreign,India,0,,,88
tt6146586,7,2019-11-10,John Wick: Chapter 3 - Parabellum,https://www.imdb.com/title/tt6146586/,movie,7.5,131,2019,"Action, Crime, Thriller",239547,2019-05-15,Chad Stahelski,R,Multilingual/Foreign,USA,0,high,,3
tt6155172,9,2019-03-27,Roma,https://www.imdb.com/title/tt6155172/,movie,7.7,135,2018,Drama,128051,2018-08-30,Alfonso Cuar�n,R,Multilingual/Foreign,USA,1,high,,14
tt0061722,8,2017-02-08,The Graduate,https://www.imdb.com/title/tt0061722/,movie,8.0,106,1967,"Comedy, Drama, Romance",246032,1967-12-20,Mike Nichols,T,English,USA,1,high,,60
tt6206564,7,2017-10-02,Trapped,https://www.imdb.com/title/tt6206564/,movie,7.5,105,2016,"Drama, Thriller",9009,2016-10-26,Vikramaditya Motwane,Not Rated,Hindi,India,0,,1Mil,18
tt0062622,8,2016-04-27,2001: A Space Odyssey,https://www.imdb.com/title/tt0062622/,movie,8.3,149,1968,"Adventure, Sci-Fi",574002,1968-04-02,Stanley Kubrick,G,Multilingual/Foreign,USA,1,high,1Mil,49
tt6452574,5,2018-11-29,Sanju,https://www.imdb.com/title/tt6452574/,movie,7.8,155,2018,"Biography, Drama",44250,2018-06-28,Rajkumar Hirani,R,Multilingual/Foreign,India,0,,,19
tt6484982,8,2017-10-01,Newton,https://www.imdb.com/title/tt6484982/,movie,7.7,106,2017,"Comedy, Drama",14599,2017-02-10,Amit Masurkar,Not Rated,Hindi,India,0,,,0
tt6543652,8,2019-06-24,Zimna wojna,https://www.imdb.com/title/tt6543652/,movie,7.6,89,2018,"Drama, History, Music, Romance",42854,2018-05-10,Pawel Pawlikowski,R,Multilingual/Foreign,Poland,1,high,,5
tt6580564,7,2018-07-28,102 Not Out,https://www.imdb.com/title/tt6580564/,movie,7.4,102,2018,"Comedy, Drama",5717,2018-05-03,Umesh Shukla,T,Hindi,India,0,,,86
tt6588966,6,2018-06-06,Hichki,https://www.imdb.com/title/tt6588966/,movie,7.5,116,2018,"Comedy, Drama",9061,2018-03-22,Siddharth Malhotra,Not Rated,Multilingual/Foreign,India,0,,,8
tt6644200,8,2019-03-22,A Quiet Place,https://www.imdb.com/title/tt6644200/,movie,7.5,90,2018,"Drama, Horror, Sci-Fi",374901,2018-03-09,John Krasinski,T,Multilingual/Foreign,USA,1,high,,3
tt0066763,10,2016-09-01,Anand,https://www.imdb.com/title/tt0066763/,movie,8.8,122,1971,"Drama, Musical",24844,1971-03-12,Hrishikesh Mukherjee,Not Rated,Hindi,India,0,,,22
tt0067334,9,2017-04-01,Le Mans,https://www.imdb.com/title/tt0067334/,movie,6.8,106,1971,"Action, Adventure, Drama, Sport",8645,1971-06-23,Lee H. Katzin,Not Rated,Multilingual/Foreign,USA,0,mid,,3
tt6751668,9,2020-02-13,Gisaengchung,https://www.imdb.com/title/tt6751668/,movie,8.6,132,2019,"Comedy, Drama, Thriller",372395,2019-05-21,Bong Joon Ho,R,Multilingual/Foreign,South Korea,1,high,,28
tt6789386,7,2017-05-23,Posto,https://www.imdb.com/title/tt6789386/,movie,7.5,150,2017,"Drama, Family",644,2017-05-12,"Shiboprosad Mukherjee, Nandita Roy",Not Rated,Multilingual/Foreign,India,0,,,8
tt0067992,8,2017-02-08,Willy Wonka & the Chocolate Factory,https://www.imdb.com/title/tt0067992/,movie,7.8,100,1971,"Family, Fantasy, Musical",169817,1971-06-28,Mel Stuart,G,Multilingual/Foreign,USA,1,high,10Mil,13
tt6859352,7,2019-03-25,Support the Girls,https://www.imdb.com/title/tt6859352/,movie,6.4,93,2018,"Comedy, Drama",5820,2018-03-09,Andrew Bujalski,R,English,USA,0,high,,45
tt6923462,7,2019-02-27,Manto,https://www.imdb.com/title/tt6923462/,movie,7.4,112,2018,"Biography, Drama",3187,2018-05-13,Nandita Das,Not Rated,Multilingual/Foreign,India,0,,,8
tt6966692,7,2019-02-27,Green Book,https://www.imdb.com/title/tt6966692/,movie,8.2,130,2018,"Biography, Comedy, Drama, Music",312589,2018-09-11,Peter Farrelly,T,Multilingual/Foreign,USA,1,high,,75
tt6967980,7,2019-02-21,Bareilly Ki Barfi,https://www.imdb.com/title/tt6967980/,movie,7.5,116,2017,"Comedy, Romance",16435,2017-08-18,Ashwiny Iyer Tiwari,Not Rated,Hindi,India,0,,,0
tt6972140,6,2018-06-29,Blackmail,https://www.imdb.com/title/tt6972140/,movie,7.0,138,2018,"Comedy, Thriller",7718,2018-04-05,Abhinay Deo,Not Rated,Hindi,India,0,,,86
tt6981046,8,2017-11-01,Williams,https://www.imdb.com/title/tt6981046/,movie,7.6,109,2017,"Documentary, Biography, Sport",3086,2017-08-04,Morgan Matthews,Not Rated,English,UK,0,,,41
tt7014006,8,2019-02-10,Eighth Grade,https://www.imdb.com/title/tt7014006/,movie,7.4,93,2018,"Comedy, Drama",55198,2018-01-19,Bo Burnham,R,English,USA,1,high,,14
tt7098658,7,2019-02-27,Raazi,https://www.imdb.com/title/tt7098658/,movie,7.8,138,2018,"Action, Drama, Thriller",22111,2018-05-10,Meghna Gulzar,Not Rated,Hindi,India,0,,,52
tt7125860,7,2019-10-07,If Beale Street Could Talk,https://www.imdb.com/title/tt7125860/,movie,7.1,119,2018,"Drama, Romance",36261,2018-09-09,Barry Jenkins,R,Multilingual/Foreign,USA,1,high,,81
tt7218518,6,2019-01-04,Padman,https://www.imdb.com/title/tt7218518/,movie,7.9,140,2018,"Comedy, Drama",18579,2018-02-09,R. Balki,T,Hindi,India,0,,,86
tt7242142,8,2019-02-25,Blindspotting,https://www.imdb.com/title/tt7242142/,movie,7.4,95,2018,"Comedy, Crime, Drama",22719,2018-01-18,Carlos L�pez Estrada,R,English,USA,0,high,,45
tt7282468,9,2019-03-22,Beoning,https://www.imdb.com/title/tt7282468/,movie,7.5,148,2018,"Drama, Mystery",38849,2018-05-16,Chang-dong Lee,Not Rated,Multilingual/Foreign,South Korea,0,high,,28
tt7286456,6,2019-11-20,Joker,https://www.imdb.com/title/tt7286456/,movie,8.5,122,2019,"Crime, Drama, Thriller",758318,2019-08-31,Todd Phillips,R,English,USA,1,mid,,45
tt0073486,8,2019-08-23,One Flew Over the Cuckoo's Nest,https://www.imdb.com/title/tt0073486/,movie,8.7,133,1975,Drama,874146,1975-11-19,Milos Forman,R,English,USA,1,high,,60
tt7349662,8,2019-11-15,BlacKkKlansman,https://www.imdb.com/title/tt7349662/,movie,7.5,135,2018,"Biography, Crime, Drama",185337,2018-05-14,Spike Lee,R,English,USA,1,high,,75
tt0073707,8,2016-09-01,Sholay,https://www.imdb.com/title/tt0073707/,movie,8.2,204,1975,"Action, Adventure, Comedy, Drama, Musical, Thriller, Western",49026,1975-08-15,Ramesh Sippy,Not Rated,Hindi,India,0,,,22
tt7430722,4,2019-10-13,War,https://www.imdb.com/title/tt7430722/,movie,6.5,154,2019,"Action, Thriller",16551,2019-10-02,Siddharth Anand,Not Rated,Multilingual/Foreign,India,0,,,8
tt7469726,4,2019-10-13,Shaadi Mein Zaroor Aana,https://www.imdb.com/title/tt7469726/,movie,7.6,137,2017,"Drama, Family, Romance",11185,2017-11-09,Ratnaa Sinha,Not Rated,Hindi,India,0,,,86
tt7485048,5,2019-07-27,Super 30,https://www.imdb.com/title/tt7485048/,movie,8.0,154,2019,"Biography, Drama",17118,2019-07-12,Vikas Bahl,Not Rated,Hindi,India,0,,,47
tt0075148,8,2019-08-23,Rocky,https://www.imdb.com/title/tt0075148/,movie,8.1,120,1976,"Drama, Sport",496482,1976-11-20,John G. Avildsen,T,English,USA,1,high,,58
tt0075314,8,2016-09-01,Taxi Driver,https://www.imdb.com/title/tt0075314/,movie,8.3,114,1976,"Crime, Drama",684817,1976-02-08,Martin Scorsese,R,Multilingual/Foreign,USA,1,high,,69
tt0075686,8,2019-08-09,Annie Hall,https://www.imdb.com/title/tt0075686/,movie,8.0,93,1977,"Comedy, Romance",244453,1977-03-27,Woody Allen,T,Multilingual/Foreign,USA,1,high,,3
tt7581902,6,2018-06-13,Sonu Ke Titu Ki Sweety,https://www.imdb.com/title/tt7581902/,movie,7.1,138,2018,"Comedy, Romance",18160,2018-02-23,Luv Ranjan,Not Rated,Hindi,India,0,,,86
tt0758752,7,2018-05-30,Love & Other Drugs,https://www.imdb.com/title/tt0758752/,movie,6.7,112,2010,"Comedy, Drama, Romance",174057,2010-11-04,Edward Zwick,R,English,USA,1,mid,100Mil,45
tt0758766,7,2018-05-04,Music and Lyrics,https://www.imdb.com/title/tt0758766/,movie,6.5,104,2007,"Comedy, Music, Romance",94170,2007-02-09,Marc Lawrence,T,English,USA,0,mid,100Mil,4
tt7668870,7,2019-06-24,Searching,https://www.imdb.com/title/tt7668870/,movie,7.6,102,2018,"Drama, Mystery, Thriller",122834,2018-01-21,Aneesh Chaganty,T,English,Russia,0,high,,12
tt7681902,8,2019-03-08,Won't You Be My Neighbor?,https://www.imdb.com/title/tt7681902/,movie,8.4,95,2018,"Documentary, Biography",20737,2018-01-19,Morgan Neville,T,English,USA,0,high,,41
tt7700730,7,2019-02-27,October,https://www.imdb.com/title/tt7700730/,movie,7.5,115,2018,"Drama, Romance",11809,2018-04-12,Shoojit Sircar,Not Rated,Hindi,India,0,,,59
tt7725596,7,2018-12-23,Badhaai ho,https://www.imdb.com/title/tt7725596/,movie,8.0,124,2018,"Comedy, Drama",24271,2018-10-18,Amit Ravindernath Sharma,Not Rated,Hindi,India,0,,,0
tt7784604,8,2019-07-03,Hereditary,https://www.imdb.com/title/tt7784604/,movie,7.3,127,2018,"Drama, Horror, Mystery, Thriller",203154,2018-01-21,Ari Aster,R,Multilingual/Foreign,USA,0,high,,3
tt0780504,8,2016-10-18,Drive,https://www.imdb.com/title/tt0780504/,movie,7.8,100,2011,"Crime, Drama",547497,2011-05-20,Nicolas Winding Refn,R,Multilingual/Foreign,USA,1,high,100Mil,14
tt0790636,8,2016-12-22,Dallas Buyers Club,https://www.imdb.com/title/tt0790636/,movie,8.0,117,2013,"Biography, Drama",421534,2013-09-07,Jean-Marc Vall�e,R,Multilingual/Foreign,USA,1,high,100Mil,75
tt7919680,7,2019-10-27,Karwaan,https://www.imdb.com/title/tt7919680/,movie,7.5,114,2018,"Comedy, Drama",10343,2018-08-03,Akarsh Khurana,Not Rated,Hindi,India,0,,,0
tt0800039,7,2016-10-18,Forgetting Sarah Marshall,https://www.imdb.com/title/tt0800039/,movie,7.1,111,2008,"Comedy, Drama, Romance",255099,2008-03-10,Nicholas Stoller,R,Multilingual/Foreign,USA,0,high,100Mil,45
tt8079248,6,2019-09-11,Yesterday,https://www.imdb.com/title/tt8079248/,movie,6.8,116,2019,"Comedy, Fantasy, Music, Musical, Romance",90292,2019-05-04,Danny Boyle,T,Multilingual/Foreign,UK,0,mid,,77
tt8108198,8,2018-12-24,Andhadhun,https://www.imdb.com/title/tt8108198/,movie,8.3,139,2018,"Crime, Thriller",58947,2018-10-04,Sriram Raghavan,Not Rated,Multilingual/Foreign,India,0,,,8
tt8130968,6,2019-03-15,Badla,https://www.imdb.com/title/tt8130968/,movie,7.9,118,2019,"Crime, Drama, Mystery, Thriller",18424,2019-03-08,Sujoy Ghosh,Not Rated,Hindi,India,0,,,56
tt0815236,6,2017-02-08,She's Out of My League,https://www.imdb.com/title/tt0815236/,movie,6.4,104,2010,"Comedy, Romance",122162,2010-03-11,Jim Field Smith,R,Multilingual/Foreign,USA,0,mid,100Mil,45
tt0816692,8,2016-04-27,Interstellar,https://www.imdb.com/title/tt0816692/,movie,8.6,169,2014,"Adventure, Drama, Sci-Fi, Thriller",1400296,2014-10-26,Christopher Nolan,T,English,USA,1,high,500Mil,15
tt0822832,8,2019-01-08,Marley & Me,https://www.imdb.com/title/tt0822832/,movie,7.1,111,2008,"Comedy, Drama, Family",141871,2008-12-25,David Frankel,T,English,USA,0,mid,500Mil,83
tt8266310,6,2019-11-15,Blinded by the Light,https://www.imdb.com/title/tt8266310/,movie,6.9,118,2019,"Comedy, Drama, Music",14805,2019-01-27,Gurinder Chadha,T,English,UK,0,high,,9
tt8291224,7,2019-03-16,Uri: The Surgical Strike,https://www.imdb.com/title/tt8291224/,movie,8.3,138,2019,"Action, Drama, War",38490,2019-01-11,Aditya Dhar,Not Rated,Hindi,India,0,,,0
tt0083658,9,2018-01-05,Blade Runner,https://www.imdb.com/title/tt0083658/,movie,8.1,117,1982,"Action, Sci-Fi, Thriller",663641,1982-06-25,Ridley Scott,R,Multilingual/Foreign,USA,1,high,,53
tt0838221,8,2017-04-20,The Darjeeling Limited,https://www.imdb.com/title/tt0838221/,movie,7.2,91,2007,"Adventure, Comedy, Drama",173114,2007-08-31,Wes Anderson,R,Multilingual/Foreign,USA,0,high,100Mil,7
tt0083929,6,2019-12-12,Fast Times at Ridgemont High,https://www.imdb.com/title/tt0083929/,movie,7.2,90,1982,"Comedy, Drama",89037,1982-08-13,Amy Heckerling,R,English,USA,0,high,,76
tt8439854,6,2018-07-10,Lust Stories,https://www.imdb.com/title/tt8439854/,movie,6.5,120,2018,"Drama, Romance",8772,2018-06-15,"Karan Johar, Zoya Akhtar, Anurag Kashyap, Dibakar Banerjee",Not Rated,Hindi,India,0,,,86
tt8579674,8,2020-03-17,1917,https://www.imdb.com/title/tt8579674/,movie,8.3,119,2019,"Drama, War",282512,2019-12-04,Sam Mendes,R,Multilingual/Foreign,USA,1,high,,61
tt0871510,8,2016-10-18,Chak De! India,https://www.imdb.com/title/tt0871510/,movie,8.2,153,2007,"Drama, Family, Sport",70026,2007-08-10,Shimit Amin,Not Rated,Hindi,India,0,high,10Mil,82
tt0087332,7,2019-01-04,Ghostbusters,https://www.imdb.com/title/tt0087332/,movie,7.8,105,1984,"Action, Comedy, Fantasy",340770,1984-06-07,Ivan Reitman,T,English,USA,1,high,,3
tt0087538,8,2017-02-08,The Karate Kid,https://www.imdb.com/title/tt0087538/,movie,7.2,126,1984,"Action, Drama, Family, Sport",165585,1984-06-22,John G. Avildsen,T,Multilingual/Foreign,USA,1,mid,,58
tt0088258,8,2019-10-27,This Is Spinal Tap,https://www.imdb.com/title/tt0088258/,movie,7.9,82,1984,"Comedy, Music",124431,1984-03-02,Rob Reiner,R,English,USA,0,high,,43
tt0088763,8,2018-01-04,Back to the Future,https://www.imdb.com/title/tt0088763/,movie,8.5,116,1985,"Adventure, Comedy, Sci-Fi",993402,1985-07-03,Robert Zemeckis,T,English,USA,1,high,10Mil,55
tt0887912,8,2016-04-27,The Hurt Locker,https://www.imdb.com/title/tt0887912/,movie,7.6,131,2008,"Drama, Thriller, War",407645,2008-09-04,Kathryn Bigelow,R,Multilingual/Foreign,USA,1,high,100Mil,14
tt0088847,8,2016-04-27,The Breakfast Club,https://www.imdb.com/title/tt0088847/,movie,7.9,97,1985,"Comedy, Drama",334513,1985-02-07,John Hughes,R,English,USA,0,mid,,45
tt8902990,6,2019-10-15,The Sky Is Pink,https://www.imdb.com/title/tt8902990/,movie,7.5,143,2019,"Drama, Family, Romance",5157,2019-09-05,Shonali Bose,Not Rated,Multilingual/Foreign,India,0,mid,,8
tt0892769,9,2016-04-27,How to Train Your Dragon,https://www.imdb.com/title/tt0892769/,movie,8.1,98,2010,"Animation, Action, Adventure, Family, Fantasy",639928,2010-03-18,"Dean DeBlois, Chris Sanders",T,English,USA,1,high,500Mil,42
tt8983202,4,2019-10-04,Kabir Singh,https://www.imdb.com/title/tt8983202/,movie,7.1,173,2019,"Crime, Drama, Romance",23469,2019-06-20,Sandeep Reddy Vanga,Not Rated,Hindi,India,0,,,86
tt0907657,8,2017-02-08,Once,https://www.imdb.com/title/tt0907657/,movie,7.8,86,2007,"Drama, Music, Romance",107747,2007-01-20,John Carney,R,Multilingual/Foreign,Ireland,1,high,10Mil,34
tt0910970,9,2016-04-27,WALL�E,https://www.imdb.com/title/tt0910970/,movie,8.4,98,2008,"Animation, Adventure, Family, Sci-Fi",955834,2008-06-21,Andrew Stanton,G,English,USA,1,high,500Mil,37
tt9358204,7,2019-07-25,The Great Hack,https://www.imdb.com/title/tt9358204/,movie,7.0,114,2019,Documentary,16254,2019-01-26,"Jehane Noujaim, Karim Amer",R,English,USA,1,high,,41
tt0093779,8,2017-11-04,The Princess Bride,https://www.imdb.com/title/tt0093779/,movie,8.1,98,1987,"Adventure, Family, Fantasy, Romance",376375,1987-09-18,Rob Reiner,T,English,USA,1,high,,43
tt9412098,7,2019-07-28,Fyre,https://www.imdb.com/title/tt9412098/,movie,7.2,97,2019,"Documentary, Music",32603,2019-01-18,Chris Smith,R,English,USA,1,high,,41
tt9573980,7,2019-07-02,Leaving Neverland,https://www.imdb.com/title/tt9573980/,movie,7.0,240,2019,Documentary,24073,2019-01-25,Dan Reed,R,English,UK,1,,,41
tt0095953,8,2019-10-06,Rain Man,https://www.imdb.com/title/tt0095953/,movie,8.0,133,1988,Drama,457760,1988-12-12,Barry Levinson,R,Multilingual/Foreign,USA,1,mid,,60
tt9614460,6,2020-01-16,Chhapaak,https://www.imdb.com/title/tt9614460/,movie,5.0,120,2020,"Biography, Drama",23165,2020-01-10,Meghna Gulzar,Not Rated,Hindi,India,0,,,52
tt0964517,8,2018-12-13,The Fighter,https://www.imdb.com/title/tt0964517/,movie,7.8,116,2010,"Biography, Drama, Sport",328551,2010-12-06,David O. Russell,R,English,USA,1,high,100Mil,79
tt0970179,8,2018-01-04,Hugo,https://www.imdb.com/title/tt0970179/,movie,7.5,126,2011,"Drama, Family, Fantasy, Mystery",294872,2011-10-10,Martin Scorsese,T,English,UK,1,high,100Mil,69
tt0097165,9,2019-10-12,Dead Poets Society,https://www.imdb.com/title/tt0097165/,movie,8.1,128,1989,"Comedy, Drama",398733,1989-06-02,Peter Weir,T,Multilingual/Foreign,USA,1,high,,31
tt0981227,6,2019-08-26,Nick and Norah's Infinite Playlist,https://www.imdb.com/title/tt0981227/,movie,6.6,90,2008,"Comedy, Drama, Music, Romance",86672,2008-09-06,Peter Sollett,T,English,USA,0,mid,100Mil,4
tt0983193,7,2019-02-21,The Adventures of Tintin,https://www.imdb.com/title/tt0983193/,movie,7.3,107,2011,"Animation, Action, Adventure, Family, Mystery",209900,2011-10-23,Steven Spielberg,T,English,USA,1,high,100Mil,2
tt0986264,8,2016-09-01,Taare Zameen Par,https://www.imdb.com/title/tt0986264/,movie,8.4,165,2007,"Drama, Family",154961,2007-12-21,"Aamir Khan, Amole Gupte",T,Multilingual/Foreign,India,0,,10Mil,22
tt0098635,8,2018-12-22,When Harry Met Sally...,https://www.imdb.com/title/tt0098635/,movie,7.6,95,1989,"Comedy, Drama, Romance",186260,1989-07-12,Rob Reiner,R,English,USA,1,high,,43
tt0993846,8,2016-04-27,The Wolf of Wall Street,https://www.imdb.com/title/tt0993846/,movie,8.2,180,2013,"Biography, Crime, Drama",1107099,2013-12-09,Martin Scorsese,R,Multilingual/Foreign,USA,1,high,100Mil,69
